uniprot	str_start	str_end	str_protein_seq	str_gen_seq	idr_start	idr_end	overlap
A0A096LP55	17	25	E,E,E,E,E,E,E,E,E	TTCCTCCTCTTCCTCTTCCTCCTCCTC	1	30	8
A0JLT2	28	35	P,P,P,P,P,P,P,P	AGGAGGCGGTGGCGGGGGTGGAGG	1	56	7
A0MZ66	353	361	P,P,P,P,P,P,P,P,P	TGGTGGTGGAGGAGGAGGTGGTGGAGG	343	511	8
A0PJX2	26	32	E,E,E,E,E,E,E	GAAGAGGAAGAGGAGGAGGAG	1	46	6
A1L020	62	68	G,G,G,G,G,G,G	GCCGCCCCCCCCACCTCCCCC	49	111	6
A4D2P6	756	761	P,P,P,P,P,P	GGGTGGCGGTGGTGGGGG	718	783	5
A4UGR9	2190	2195	P,P,P,P,P,P	CCGCCTCCTCCTCCTCCA	2098	2265	5
A6NF34	401	411	P,P,P,P,P,P,P,P,P,P,P	CCACCACCACCGCCTCCGCCTCCACCACCTCCA	382	413	10
A6NFI3	29	36	E,E,E,E,E,E,E,E	GAAGAAGAGGAGGAGGAGGAGGAA	1	148	7
A6NFI3	45	50	E,E,E,E,E,E	GAAGAAGAGGAGGAGGAG	1	148	5
A6NFI3	135	142	E,E,E,E,E,E,E,E	GAGGAGGAGGAAGAGGAGGAGGAG	1	148	7
A6NGB9	21	26	P,P,P,P,P,P	CCTCCCCCTCCCCCACCA	1	414	5
A6NGB9	223	232	P,P,P,P,P,P,P,P,P,P	CCACCACCTCCACCTCCGCCACCTCCCCCA	1	414	9
A6NHT5	18	24	P,P,P,P,P,P,P	CCGCCGCCGCCCCCCCCACCC	1	58	6
A6NIX2	98	103	G,G,G,G,G,G	GGCGGCGGCGGTGGCGGC	22	149	5
A6NJZ7	333	338	P,P,P,P,P,P	CGGTGGTGGTGGCGGCGG	295	364	5
A6NKD9	166	173	G,G,G,G,G,G,G,G	GCCGCCCCCGCCGCCGCCGCCACC	162	268	7
A6NLX4	138	143	P,P,P,P,P,P	GGGCGGGGGTGGTGGCGG	128	147	5
A6NNL0	280	285	P,P,P,P,P,P	CCACCACCACCACCACCG	273	324	5
A6NNM3	333	338	P,P,P,P,P,P	CCGCCGCCACCACCACCG	295	364	5
A6PVY3	40	46	E,E,E,E,E,E,E	GAGGAGGAGGAGGAAGAGGAA	36	59	6
A7E2V4	56	62	G,G,G,G,G,G,G	GGCGGCGGTGGCGGAGGTGGC	45	65	6
A7KAX9	1031	1036	P,P,P,P,P,P	CGGAGGCGGTGGTGGTGG	927	1038	5
A7MCY6	428	434	P,P,P,P,P,P,P	CCACCGCCGCCGCCCCCGCCG	326	458	6
A7MD48	109	114	K,K,K,K,K,K	AAGAAGAAAAAGAAGAAA	38	248	5
A7MD48	132	137	K,K,K,K,K,K	AAGAAAAAGAAGAAGAAA	38	248	5
A7XYQ1	745	751	P,P,P,P,P,P,P	CCGCCGCCGCCGCCGCCGCCC	730	771	6
A8K0Z3	303	312	P,P,P,P,P,P,P,P,P,P	TGGGGGTGGTGGTGGGGGCGGTGGGGGTGG	297	359	9
A8MV65	242	248	H,H,H,H,H,H,H	GTGGTGATGGTGATGATGGTG	233	256	6
B1AK53	430	435	P,P,P,P,P,P	CCCCCACCACCCCCACCC	415	474	5
B1AK53	438	444	P,P,P,P,P,P,P	CCCCCGCCACCCCCGCCCCCA	415	474	6
B1AK53	596	605	P,P,P,P,P,P,P,P,P,P	CCACCGCCGCCCCCACCGCCGCCGCCGCCC	487	713	9
B1AL46	280	285	P,P,P,P,P,P	CCACCACCACCACCACCG	273	324	5
B1AL88	78	86	Q,Q,Q,Q,Q,Q,Q,Q,Q	CTGCTGCTGCTGCTGCTGCTGCTGCTG	70	155	8
B1AL88	138	143	G,G,G,G,G,G	GCCGCCGCCGCCGCCGCC	70	155	5
B2RXF0	189	200	Q,Q,Q,Q,Q,Q,Q,Q,Q,Q,Q,Q	CTGCTGCTGCTGCTGCTGCTGCTGCTGTTGCTGCTG	188	236	11
B3KS81	707	712	S,S,S,S,S,S	TCTTCATCATCTTCTTCC	1	715	5
C9JE40	35	41	E,E,E,E,E,E,E	CTCCTCCTCTTCCTCCTCCTC	24	60	6
C9JLR9	188	200	E,E,E,E,E,E,E,E,E,E,E,E,E	CTCCTCCTCCTCCTCTTCTTCCTCCTCCTCCTCCTCCTC	182	250	12
C9JLR9	561	572	P,P,P,P,P,P,P,P,P,P,P,P	GGGCGGGGGCGGAGGCGGGGGAGGAGGCGGCGGCGG	490	583	11
C9JSJ3	453	465	S,S,S,S,S,S,S,S,S,S,S,S,S	TCCAGCTCCAGCTCCAGCTCCAGCTCCAGCTCCAGCTCG	447	537	12
C9JTQ0	180	186	A,A,A,A,A,A,A	GGCCGCAGCGGCGGCGGCGGC	181	256	5
D6RIA3	267	273	S,S,S,S,S,S,S	GGAGGAGGATGAGGAAGATGA	204	361	6
D6RIA3	504	509	A,A,A,A,A,A	TGCGGCGGCGGCTGCTGC	407	505	1
H3BV60	191	197	P,P,P,P,P,P,P	CCGCCGCCGCCGCCGCCGCCA	184	260	6
I3L3R5	214	220	H,H,H,H,H,H,H	GTGGTGGTGGTGGTGGTGGTG	90	266	6
M0QZC1	39	45	E,E,E,E,E,E,E	GAGGAGGAGGAGGAGGAGGAA	1	55	6
M0QZC1	160	165	P,P,P,P,P,P	CCGCCGCCGCCCCCGCCC	122	181	5
M0QZC1	173	178	P,P,P,P,P,P	CCGCCGCCCCCGCCGCCT	122	181	5
O00165	35	40	E,E,E,E,E,E	GAGGAAGAAGAAGAAGAA	16	65	5
O00178	31	36	A,A,A,A,A,A	GCCGCGGCGGCCGCCGCC	1	32	1
O00193	119	126	D,D,D,D,D,D,D,D	GATGATGATGATGACGATGATGAT	1	183	7
O00257	389	400	H,H,H,H,H,H,H,H,H,H,H,H	GTGGTGGTGGTGGTGGTGGTGGTGGTGGTGGTGATG	281	404	11
O00267	45	53	E,E,E,E,E,E,E,E,E	GAAGAGGAGGAGGAAGAGGAGGAGGAA	1	92	8
O00267	56	61	E,E,E,E,E,E	GAGGAAGAGGAGGAAGAA	1	92	5
O00294	248	254	E,E,E,E,E,E,E	CTCCTCCTCCTCTTCTTCCTC	1	289	6
O00303	50	55	A,A,A,A,A,A	GCGGCAGCAGCGGCTGCA	1	82	5
O00409	356	361	S,S,S,S,S,S	TGAGGAGGAGGAGGAGGA	315	459	5
O00461	674	681	E,E,E,E,E,E,E,E	TTCTTCCTCCTCTTCTTCCTCCTC	428	696	7
O00541	458	463	E,E,E,E,E,E	CTCTTCCTCCTCCTCTTC	448	515	5
O00555	2210	2219	H,H,H,H,H,H,H,H,H,H	ATGGTGGTGGTGGTGGTGGTGGTGGTGGTG	2043	2506	9
O00555	2313	2325	Q,Q,Q,Q,Q,Q,Q,Q,Q,Q,Q,Q,Q	CTGCTGCTGCTGCTGCTGCTGCTGCTGCTGCTGCTGCTG	2043	2506	12
O00570	29	43	G,G,G,G,G,G,G,G,G,G,G,G,G,G,G	GGCGGCGGCGGGGGCGGAGGCGGGGGCGGCGGCGGCGGCGGGGGC	1	52	14
O14497	16	21	P,P,P,P,P,P	CCGCCGCCGCCGCCGCCC	1	820	5
O14497	39	45	A,A,A,A,A,A,A	GCGGCGGCGGCGGCAGCGGCC	1	820	6
O14497	81	87	G,G,G,G,G,G,G	GGGGGTGGCGGCGGCGGCGGA	1	820	6
O14497	122	127	G,G,G,G,G,G	GGCGGCGGCGGTGGCGGC	1	820	5
O14497	162	167	A,A,A,A,A,A	GCCGCCGCCGCGGCCGCC	1	820	5
O14497	260	265	S,S,S,S,S,S	TCCTCGTCGTCTTCGTCC	1	820	5
O14497	339	349	A,A,A,A,A,A,A,A,A,A,A	GCTGCGGCGGCGGCAGCTGCGGCGGCGGCCGCC	1	820	10
O14497	1327	1334	Q,Q,Q,Q,Q,Q,Q,Q	CAGCAGCAGCAGCAGCAGCAGCAA	1113	1483	7
O14511	33	41	S,S,S,S,S,S,S,S,S	GCTGCTGCTGCTGCTGCTGCTGCTGCT	1	96	8
O14512	143	148	G,G,G,G,G,G	GGAGGAGGAGGGGGCGGC	123	272	5
O14512	180	187	Q,Q,Q,Q,Q,Q,Q,Q	CAGCAGCAGCAGCAGCAGCAGCAA	123	272	7
O14512	188	195	P,P,P,P,P,P,P,P	CCTCCCCCGCCCCCGCCTCCTCCC	123	272	7
O14513	1116	1123	S,S,S,S,S,S,S,S	TGATGAGGATGATGAGGAACTGCT	1026	1469	7
O14514	1411	1422	P,P,P,P,P,P,P,P,P,P,P,P	CCCCCACCGCCTCCGCCCCCACCGCCACCACCTCCC	1385	1475	11
O14529	808	813	S,S,S,S,S,S	TCCTCCTCCTCCTCCTCT	800	858	5
O14545	577	582	E,E,E,E,E,E	GAAGAGGAAGAGGAGGAG	401	582	5
O14646	105	113	Q,Q,Q,Q,Q,Q,Q,Q,Q	TTGTTGTTGCTGCTGCTGCTGTTGCTG	1	252	8
O14649	271	277	G,G,G,G,G,G,G	GGCGGCGGCGGAGGGGGTGGC	266	286	6
O14654	628	639	P,P,P,P,P,P,P,P,P,P,P,P	TGGTGGGGGTGGAGGAGGAGGTGGTGGAGGTGGTGG	406	653	11
O14654	1206	1212	A,A,A,A,A,A,A	AGCGGCAGCTGCAGCGGCAGC	1179	1257	6
O14669	166	173	P,P,P,P,P,P,P,P	CCTCCACCCCCACCCCCACCCCCA	143	202	7
O14686	2811	2816	Q,Q,Q,Q,Q,Q	TTGTTGCTGTTGCTGCTG	2697	2814	3
O14686	3274	3282	Q,Q,Q,Q,Q,Q,Q,Q,Q	CTGCTGCTGCTGTTGCTGCTGCTGCTG	3263	3339	8
O14686	3599	3612	Q,Q,Q,Q,Q,Q,Q,Q,Q,Q,Q,Q,Q,Q	CTGTTGCTGTTGTTGCTGCTGCTGCTGCTGTTGTTGCTGCTG	3596	3673	13
O14686	3754	3759	Q,Q,Q,Q,Q,Q	CTGCTGCTGTTGCTGCTG	3758	3802	1
O14686	3988	3994	Q,Q,Q,Q,Q,Q,Q	TTGCTGCTGCTGTTGTTGCTG	3984	4191	6
O14787	360	365	D,D,D,D,D,D	ATCATCATCATCGTCATC	325	364	4
O14813	237	242	G,G,G,G,G,G	CCCGCCGCCCCCACCGCC	145	284	5
O14979	99	104	A,A,A,A,A,A	CGCGGCAGCAGCGGCGGC	96	120	5
O14979	316	321	Q,Q,Q,Q,Q,Q	TTGTTGTTGCTGTTGCTG	313	348	5
O15014	1366	1371	H,H,H,H,H,H	CACCACCACCACCACCAC	1270	1367	1
O15021	63	68	P,P,P,P,P,P	CCGCCGCCGCCGCCGCCG	1	76	5
O15040	466	471	K,K,K,K,K,K	AAGAAGAAGAAGAAGAAG	463	542	5
O15047	345	357	S,S,S,S,S,S,S,S,S,S,S,S,S	TCCTCGTCCTCCTCGTCATCCTCTTCCTCCTCGTCCTCT	332	363	12
O15047	441	448	G,G,G,G,G,G,G,G	GGTGGAGGCGGGGGTGGAGGAGGG	381	486	7
O15047	647	654	P,P,P,P,P,P,P,P	CCCCCACCTCCTCCACCACCCCCG	506	655	7
O15047	1403	1412	P,P,P,P,P,P,P,P,P,P	CCTCCGCCCCCACCCCCGCCGCCACCGCCC	1307	1417	9
O15054	252	264	P,P,P,P,P,P,P,P,P,P,P,P,P	CCACCACCACCACCACCACCACCACCACCACCACCACCC	190	680	12
O15054	399	406	S,S,S,S,S,S,S,S	AGCAGCAGCAGTAGCAGCAGCAGC	190	680	7
O15054	792	798	P,P,P,P,P,P,P	CCACCACCACCCCCACCCCCC	704	807	6
O15060	202	207	P,P,P,P,P,P	TGGCGGTGGTGGGGGCGG	176	224	5
O15066	394	399	E,E,E,E,E,E	GAAGAGGAGGAGGAGGAG	374	412	5
O15069	332	337	E,E,E,E,E,E	CTCCTCTTCTTCTTCCTC	327	365	5
O15105	29	35	G,G,G,G,G,G,G	GCCTCCTCCTCCACCTCCCCC	13	55	6
O15156	187	194	P,P,P,P,P,P,P,P	CCACCACCTCCGCCACCGCCACCT	171	308	7
O15156	276	281	E,E,E,E,E,E	GAGGAAGAAGAAGAGGAG	171	308	5
O15209	320	326	E,E,E,E,E,E,E	TTCCTCCTCCTCTTCCTCCTC	308	461	6
O15209	431	438	S,S,S,S,S,S,S,S	TGAGGATGAGGATGAAGACGACGA	308	461	7
O15211	44	52	E,E,E,E,E,E,E,E,E	CTCTTCTTCTTCCTCCTCCTCTTCCTC	1	54	8
O15231	159	165	E,E,E,E,E,E,E	GAGGAGGAGGAGGAGGAGGAG	1	253	6
O15234	643	648	P,P,P,P,P,P	CCTCCCCCACCACCGCCT	633	703	5
O15259	137	142	E,E,E,E,E,E	CTCTTCCTCTTCCTCCTC	103	153	5
O15265	23	28	A,A,A,A,A,A	GCAGCGGCCGCGGCCGCC	1	74	5
O15265	30	39	Q,Q,Q,Q,Q,Q,Q,Q,Q,Q	CAGCAGCAGCAGCAGCAGCAGCAGCAGCAG	1	74	9
O15265	647	652	S,S,S,S,S,S	TCCTCTTCATCCTCATCC	616	730	5
O15265	717	728	S,S,S,S,S,S,S,S,S,S,S,S	TCTTCCTCCTCCTCTTCCTCCTCCTCCTCTTCTTCT	616	730	11
O15266	21	28	G,G,G,G,G,G,G,G	GGCGGAGGCGGAGGCGGCGGAGGT	1	34	7
O15318	175	181	D,D,D,D,D,D,D	GATGATGACGATGACGATGAT	110	223	6
O15370	211	217	A,A,A,A,A,A,A	GCGGCCGCCGCCGCCGCCGCC	100	288	6
O15370	228	233	E,E,E,E,E,E	GAGGAAGAGGAGGAGGAG	100	288	5
O15405	245	250	K,K,K,K,K,K	TTTCTTTTTCTTTTTCTT	189	258	5
O15446	212	217	K,K,K,K,K,K	AAGAAGAAGAAGAAAAAA	203	510	5
O15446	422	428	K,K,K,K,K,K,K	AAGAAGAAGAAGAAGAAGAAA	203	510	6
O15457	64	69	S,S,S,S,S,S	AGCAGCAGCAGCAGCAGC	1	83	5
O15479	69	74	A,A,A,A,A,A	GCCGCTGCTGCGGCTGCG	1	112	5
O15524	26	32	S,S,S,S,S,S,S	CGAGGAGGAGGAAGAGGAGGA	1	53	6
O43151	1632	1637	E,E,E,E,E,E	GAGGAGGAAGAGGAGGAG	1608	1638	5
O43159	65	70	E,E,E,E,E,E	TTCCTCCTCCTCCTCCTC	52	233	5
O43166	1461	1468	S,S,S,S,S,S,S,S	TCCTCCTCTTCCTCCTCCTCCTCT	1379	1475	7
O43295	1068	1074	S,S,S,S,S,S,S	CGAGCTGCTGCTGCTGCTGGA	995	1099	6
O43435	43	48	P,P,P,P,P,P	CCCCCGCCGCCGCCGCCG	23	72	5
O43516	81	90	G,G,G,G,G,G,G,G,G,G	TCCACCGCCTCCGCCACCACCTCCTCCGCC	1	503	9
O43516	264	270	P,P,P,P,P,P,P	TGGAGGAGGTGGTGGAGGGGG	1	503	6
O43516	307	313	P,P,P,P,P,P,P	GGGAGGTGGCGGCGGAGGTGG	1	503	6
O43516	428	433	P,P,P,P,P,P	TGGTGGAGGTGGGGGAGG	1	503	5
O43541	28	33	G,G,G,G,G,G	GGCGGCGGCGGTGGCGGC	1	116	5
O43719	749	754	D,D,D,D,D,D	GATGATGATGACGATGAT	433	755	5
O43818	64	70	E,E,E,E,E,E,E	CTCCTCCTCCTCCTCCTCCTC	1	75	6
O60231	133	139	E,E,E,E,E,E,E	CTCTTCCTCCTCTTCTTCCTC	101	207	6
O60237	357	362	S,S,S,S,S,S	TCTAGTAGCTCCAGCTCA	342	517	5
O60241	1364	1370	G,G,G,G,G,G,G	ACCACCTCCACCCCCACCGCC	1359	1385	6
O60244	15	20	G,G,G,G,G,G	GCCCCCGCCGCCGCCTCC	1	34	5
O60264	7	13	P,P,P,P,P,P,P	CCTCCGCCACCCCCGCCTCCC	1	83	6
O60293	40	45	S,S,S,S,S,S	GCTGCTGCTGCTGCTGCT	1	133	5
O60293	72	79	S,S,S,S,S,S,S,S	AGAAGAGGACGATGACGAGGAAGA	1	133	7
O60293	620	625	E,E,E,E,E,E	TTCTTCCTCCTCTTCCTC	385	671	5
O60315	1161	1166	E,E,E,E,E,E	TTCTTCCTCTTCCTCCTC	1117	1214	5
O60336	1041	1047	E,E,E,E,E,E,E	GAAGAAGAGGAAGAAGAGGAG	951	1256	6
O60341	7	18	A,A,A,A,A,A,A,A,A,A,A,A	GCGGCAGCCGCGGCGGCGGCGGCTGCAGCGGCAGCA	1	176	11
O60346	132	137	A,A,A,A,A,A	GCGGCCGCCGCGGCCGCC	136	156	1
O60346	138	144	S,S,S,S,S,S,S	TCCTCGTCGTCGTCGTCCTCG	136	156	6
O60346	463	469	P,P,P,P,P,P,P	CCTCCGCCGCCCCCGCCGCCC	252	471	6
O60346	1684	1689	Q,Q,Q,Q,Q,Q	CAACAGCAGCAGCAGCAG	1673	1717	5
O60391	907	912	Q,Q,Q,Q,Q,Q	CAGCAGCAGCAGCAGCAG	882	924	5
O60422	151	157	P,P,P,P,P,P,P	CCGCCCCCGCCACCCCCGCCG	130	162	6
O60422	216	224	P,P,P,P,P,P,P,P,P	CCCCCGCCGCCGCCACCACCCCCGCCG	199	239	8
O60481	87	97	H,H,H,H,H,H,H,H,H,H,H	CACCATCACCACCACCATCACCATCATCACCAC	66	107	10
O60551	46	51	K,K,K,K,K,K	TTTCTTCTTTTTCTTTTT	1	89	5
O60583	611	617	S,S,S,S,S,S,S	TCCTCTAGCTCCAGCTCTTCA	497	652	6
O60583	643	650	S,S,S,S,S,S,S,S	AGTTCATCTAGTTCTTCCTCCTCT	497	652	7
O60641	361	366	A,A,A,A,A,A	TGCTGCGGCTGCTGCTGC	341	380	5
O60741	63	74	G,G,G,G,G,G,G,G,G,G,G,G	GCCGCCGCCGCCGCCGCCGCCACCGCCGCCACCGCC	1	86	11
O60832	498	505	K,K,K,K,K,K,K,K	AAGAAGAAGAAGAAGAAGAAGAAA	443	514	7
O60840	809	825	E,E,E,E,E,E,E,E,E,E,E,E,E,E,E,E,E	CTCTTCCTCTTCTTCCTCTTCTTCCTCTTCTTCCTCCTCCTCCTCCTCCTC	767	830	16
O60840	1640	1645	E,E,E,E,E,E	CTCTTCTTCCTCCTCCTC	1637	1754	5
O60841	532	543	E,E,E,E,E,E,E,E,E,E,E,E	GAAGAGGAGGAGGAGGAGGAAGAAGAGGAAGAAGAA	430	608	11
O60879	578	583	P,P,P,P,P,P	CCTCCTCCACCACCTCCT	536	594	5
O60879	591	597	P,P,P,P,P,P,P	CCACCACCACCCCCACCACCA	536	594	3
O60885	738	743	H,H,H,H,H,H	ATGGTGGTGATGATGGTG	674	1100	5
O60902	60	77	G,G,G,G,G,G,G,G,G,G,G,G,G,G,G,G,G,G	ACCTCCTCCGCCTCCTCCGCCGCCGCCTCCGCCTCCTCCGCCGCCGCCTCCGCC	27	140	17
O60909	59	65	S,S,S,S,S,S,S	AGCAGCAGCAGCAGCAGCAGC	56	97	6
O75054	1020	1026	D,D,D,D,D,D,D	GTCGTCGTCGTCGTCGTCGTC	997	1033	6
O75064	895	910	Q,Q,Q,Q,Q,Q,Q,Q,Q,Q,Q,Q,Q,Q,Q,Q	CTGCTGCTGCTGCTGCTGCTGCTGCTGTTGCTGCTGCTGCTGCTGTTG	891	970	15
O75128	1207	1213	P,P,P,P,P,P,P	GGGTGGAGGGGGTGGTGGGGG	1196	1232	6
O75150	570	575	T,T,T,T,T,T	ACCACCACTACTACCACT	518	652	5
O75179	96	110	G,G,G,G,G,G,G,G,G,G,G,G,G,G,G	GCCGCCGCCGCCACCTCCGCCTCCACCGCCGCCTCCACCGCCGCC	1	143	14
O75197	1482	1488	S,S,S,S,S,S,S	TCGTCCAGCAGCTCGTCCAGC	1475	1501	6
O75376	58	64	Q,Q,Q,Q,Q,Q,Q	CTGTTGCTGCTGCTGTTGCTG	1	177	6
O75385	302	308	S,S,S,S,S,S,S	AGCAGCTCCAGCAGCAGCTCC	283	358	6
O75444	182	187	H,H,H,H,H,H	GTGGTGGTGGTGGTGGTG	175	222	5
O75460	490	495	Q,Q,Q,Q,Q,Q	CTGCTGCTGCTGCTGCTG	491	559	4
O75525	256	261	P,P,P,P,P,P	CCTCCACCGCCACCCCCG	213	267	5
O75807	661	666	A,A,A,A,A,A	GCTGCTGCAGCGGCTGCC	625	674	5
O75822	2	8	A,A,A,A,A,A,A	GCGGCGGCGGCGGCGGCGGCG	1	108	6
O75864	514	520	E,E,E,E,E,E,E	GAGGAAGAGGAGGAAGAGGAA	460	662	6
O75909	420	425	P,P,P,P,P,P	CCCCCGCCCCCACCCCCC	262	580	5
O75912	24	31	A,A,A,A,A,A,A,A	GGCGGCGGCGGCGGCGGCGGCTGC	15	74	7
O75971	86	95	E,E,E,E,E,E,E,E,E,E	TTCTTCTTCCTCTTCCTCCTCCTCCTCTTC	73	98	9
O76039	784	789	K,K,K,K,K,K	AAAAAGAAAAAGAAGAAA	646	834	5
O76094	552	559	K,K,K,K,K,K,K,K	AAAAAGAAGAAAAAGAAAAAGAAG	532	671	7
O94900	251	256	K,K,K,K,K,K	CTTCTTCTTCTTCTTTTT	192	264	5
O94916	879	888	Q,Q,Q,Q,Q,Q,Q,Q,Q,Q	CAACAGCAGCAGCAGCAGCAGCAACAGCAA	841	891	9
O94916	1250	1266	Q,Q,Q,Q,Q,Q,Q,Q,Q,Q,Q,Q,Q,Q,Q,Q,Q	CAGCAGCAGCAGCAGCAACAGCAGCAGCAACAGCAGCAGCAACAACAACAG	1211	1304	16
O94953	419	424	E,E,E,E,E,E	GAGGAGGAGGAGGAGGAG	369	478	5
O94983	291	299	S,S,S,S,S,S,S,S,S	TGATGAGGAGGAAGAAGAGGAAGAAGA	263	322	8
O94985	925	935	E,E,E,E,E,E,E,E,E,E,E	TTCCTCTTCCTCTTCCTCTTCCTCCTCCTCCTC	915	981	10
O95072	298	304	R,R,R,R,R,R,R	CGCCGCCGCCGTCGTCGCCGG	278	301	3
O95104	960	966	Q,Q,Q,Q,Q,Q,Q	CTGCTGCTGCTGCTGCTGCTG	879	1147	6
O95153	1262	1274	E,E,E,E,E,E,E,E,E,E,E,E,E	CTCCTCTTCCTCCTCCTCCTCCTCCTCTTCCTCTTCCTC	1083	1311	12
O95196	277	283	E,E,E,E,E,E,E	CTCCTCTTCCTCCTCCTCTTC	262	354	6
O95218	275	280	S,S,S,S,S,S	AGAAGATGATGAACTTGA	117	330	5
O95271	9	14	H,H,H,H,H,H	CATCATCACCACCATCAT	1	91	5
O95271	27	34	P,P,P,P,P,P,P,P	CCGCCGCCGCCACCTCCTCCCCCA	1	91	7
O95271	137	142	S,S,S,S,S,S	TCTTCCTCATCTTCCTCT	112	173	5
O95359	1968	1973	P,P,P,P,P,P	CCACCCCCACCACCCCCC	1907	2036	5
O95376	22	29	E,E,E,E,E,E,E,E	GAGGAAGAGGAAGAAGAAGAAGAA	1	38	7
O95391	498	507	K,K,K,K,K,K,K,K,K,K	CTTCTTCTTTTTCTTTTTCTTCTTCTTCTT	493	586	9
O95456	21	26	E,E,E,E,E,E	CTCCTCCTCCTCCTCTTC	13	35	5
O95466	542	547	P,P,P,P,P,P	CCACCGCCGCCGCCCCCA	510	635	5
O95466	585	595	P,P,P,P,P,P,P,P,P,P,P	CCGCCCCCACCCCCGCCACCGCCACCACCTCCG	510	635	10
O95466	602	612	P,P,P,P,P,P,P,P,P,P,P	CCTCCGCCGCCGCCGCCGCCGCCGCCGCCTCCC	510	635	10
O95487	379	384	E,E,E,E,E,E	GAGGAAGAGGAGGAGGAG	362	451	5
O95817	155	160	A,A,A,A,A,A	GCAGCGGCGGCGGCAGCC	123	200	5
O95819	327	332	E,E,E,E,E,E	GAGGAAGAAGAGGAGGAA	306	349	5
O95886	223	234	H,H,H,H,H,H,H,H,H,H,H,H	GTGGTGGTGGTGATGGTGGTGGTGATGGTGGTGATG	182	291	11
O95948	41	54	G,G,G,G,G,G,G,G,G,G,G,G,G,G	GGCGGGGGCGGCGGCGGGGGCGGCGGGGGCGGCGGCGGGGGC	29	95	13
O95948	94	101	A,A,A,A,A,A,A,A	GCGGCAGCGGCGGCAGCGGCGGCG	29	95	1
O95983	275	281	E,E,E,E,E,E,E	CTCCTCCTCCTCCTCCTCCTC	254	291	6
O96004	64	69	A,A,A,A,A,A	GGCGGCTGCAGCGGCCGC	53	109	5
O96013	242	247	S,S,S,S,S,S	TCCTCCTCCTCCTCCTCC	95	301	5
P02810	138	143	P,P,P,P,P,P	CCTCCCCCACCTCCTCCT	15	166	5
P04553	23	28	R,R,R,R,R,R	CCGCCTCCTTCGTCTGCG	1	30	5
P05067	274	280	T,T,T,T,T,T,T	TGTGGTGGTGGTGGTGGTGGT	194	284	6
P05976	12	17	A,A,A,A,A,A	GGCAGCCGCAGCCGCAGC	1	35	5
P06400	13	18	A,A,A,A,A,A	GCCGCCGCTGCCGCCGCG	1	42	5
P06400	23	29	P,P,P,P,P,P,P	CCGCCGCCGCCGCCCCCTCCT	1	42	6
P07199	406	419	E,E,E,E,E,E,E,E,E,E,E,E,E,E	CTCTTCCTCCTCCTCTTCTTCCTCCTCCTCCTCCTCTTCCTC	387	475	13
P07900	274	279	K,K,K,K,K,K	CTTCTTCTTCTTCTTCTT	225	278	4
P08151	543	548	S,S,S,S,S,S	AGCAGCAGCTCCAGCAGC	516	580	5
P08588	429	434	D,D,D,D,D,D	GACGACGACGACGACGAT	403	477	5
P08779	446	452	S,S,S,S,S,S,S	GCTCGAAGAGGACGAGGAGGA	428	473	6
P09086	417	424	G,G,G,G,G,G,G,G	CCCGCCCCCGCCCCCACCCCCTCC	409	479	7
P09529	39	45	P,P,P,P,P,P,P	CCGCCGCCACCCCCGCCACCC	26	62	6
P09629	212	217	E,E,E,E,E,E	CTCTTCCTCTTCCTCCTC	194	217	5
P09651	360	365	S,S,S,S,S,S	TCCAGCAGCAGCAGTAGC	318	372	5
P0C2W7	92	99	E,E,E,E,E,E,E,E	CTCTTCCTCCTCCTCCTCTTCCTC	1	102	7
P0C5Y9	3	8	R,R,R,R,R,R	AGGAGGAGGAGACGCCGA	1	21	5
P0C5Z0	3	8	R,R,R,R,R,R	TCGGCGTCTCCTCCTCCT	1	21	5
P0C5Z0	3	8	R,R,R,R,R,R	AGGAGGAGGAGACGCCGA	1	21	5
P0C7U0	276	282	P,P,P,P,P,P,P	CCGCCGCCCCCGCCTCCGCCG	259	291	6
P0C7U0	721	726	P,P,P,P,P,P	CCACCGCCGCCGCCTCCG	696	732	5
P0C7V8	126	147	E,E,E,E,E,E,E,E,E,E,E,E,E,E,E,E,E,E,E,E,E,E	GAGGAGGAGGAAGAGGAGGAGGAGGAGGAGGAGGAGGAGGAGGAGGAGGAGGAGGAGGAAGAAGAA	107	163	21
P0C7W0	161	166	P,P,P,P,P,P	CCCCCACCCCCACCCCCC	152	189	5
P0CJ78	93	117	S,S,S,S,S,S,S,S,S,S,S,S,S,S,S,S,S,S,S,S,S,S,S,S,S	TCCTCGTCCTCGTCCTCGTCCTCCTCCTCCTCCTCTTCGTCCTCCTCGTCGTCATCTTCGTCCTCTTCCTCTTCC	58	142	24
P0DME0	256	263	D,D,D,D,D,D,D,D	ATCATCATCATCATCATCATCATC	168	302	7
P10323	362	370	P,P,P,P,P,P,P,P,P	CCCCCACCCCCACCCCCACCCCCACCT	327	383	8
P10643	227	232	S,S,S,S,S,S	TCTTCATCATCTTCTTCA	219	240	5
P10645	172	179	E,E,E,E,E,E,E,E	GAGGAAGAGGAGGAGGAGGAGGAG	88	440	7
P10645	228	236	E,E,E,E,E,E,E,E,E	GAAGAGGAGGAGGAGGAGGAGGAGGAG	88	440	8
P11161	167	173	P,P,P,P,P,P,P	AGGAGGAGGAGGCGGTGGCGG	127	178	6
P11362	127	133	D,D,D,D,D,D,D	GTCATCATCATCATCATCATC	120	154	6
P11831	60	65	A,A,A,A,A,A	GCTGCGGCAGCGGCGGCA	1	97	5
P11836	269	274	E,E,E,E,E,E	GAAGAGGAAGAAGAAGAA	247	297	5
P13378	115	123	P,P,P,P,P,P,P,P,P	CCTCCGCCTCCGCCGCCACCTCCCCCC	60	127	8
P13667	41	47	E,E,E,E,E,E,E	TTCCTCCTCCTCCTCCTCTTC	24	58	6
P13682	22	27	E,E,E,E,E,E	GAGGAGGAAGAAGAAGAA	16	38	5
P14625	313	318	E,E,E,E,E,E	GAGGAAGAAGAAGAAGAA	288	323	5
P14651	154	164	G,G,G,G,G,G,G,G,G,G,G	GCCTCCGCCGCCGCCGCCACCGCCGCCGCCACC	137	192	10
P14651	169	178	G,G,G,G,G,G,G,G,G,G	CCCTCCCCCGCCGCCGCCGCCACCGCCCCC	137	192	9
P14652	79	85	P,P,P,P,P,P,P	TGGCGGCGGCGGTGGCGGCGG	39	142	6
P14866	39	45	G,G,G,G,G,G,G	GCCACCGCCGCCTCCGCCGCC	1	100	6
P14866	71	79	G,G,G,G,G,G,G,G,G	TCCTCCACCGCCACCGCCGCCGCCTCC	1	100	8
P14866	84	89	G,G,G,G,G,G	CCCACCGCCGCCGCCGCC	1	100	5
P14866	366	373	P,P,P,P,P,P,P,P	GGGTGGTGGGGGAGGGGGTGGGGG	284	378	7
P15056	6	11	G,G,G,G,G,G	GCCGCCACCACCGCCACC	1	38	5
P16298	11	21	P,P,P,P,P,P,P,P,P,P,P	GGGAGGGGGCGGCGGGGGCGGGGGTGGGGGCGG	1	25	10
P16989	8	14	T,T,T,T,T,T,T	GGTGGTGGTGGTGGTGGTGGT	1	82	6
P17480	748	755	S,S,S,S,S,S,S,S	TGAGGAGGAGGAGCTGGAGCTGCT	648	764	7
P17483	73	87	P,P,P,P,P,P,P,P,P,P,P,P,P,P,P	GGGCGGTGGCGGGGGCGGCGGGGGTGGTGGCGGAGGCGGCGGGGG	1	134	14
P17542	265	274	G,G,G,G,G,G,G,G,G,G	GCCGCCCCCTCCCCCACCTCCACCCCCACC	249	331	9
P17600	30	35	P,P,P,P,P,P	GGGCGGCGGTGGGGGCGG	1	73	5
P17676	162	170	P,P,P,P,P,P,P,P,P	CCACCGCCCCCGCCGCCGCCGCCGCCC	157	178	8
P18146	62	67	S,S,S,S,S,S	AGCAGCAGCAGCAGCAGC	1	105	5
P18146	68	76	G,G,G,G,G,G,G,G,G	GGGGGCGGTGGAGGCGGCGGGGGCGGC	1	105	8
P18146	79	84	S,S,S,S,S,S	AGCAGCAGCAGCAGCAGC	1	105	5
P18583	117	123	K,K,K,K,K,K,K	AAAAAGAAGAAAAAGAAGAAA	77	155	6
P19484	35	44	Q,Q,Q,Q,Q,Q,Q,Q,Q,Q	CTGCTGCTGTTGCTGCTGCTGCTGCTGCTG	1	66	9
P19532	107	112	S,S,S,S,S,S	CGATGAAGAAGATGACGA	90	153	5
P20042	14	21	K,K,K,K,K,K,K,K	CTTCTTCTTCTTCTTTTTCTTCTT	1	119	7
P20042	79	84	K,K,K,K,K,K	TTTTTTCTTCTTTTTCTT	1	119	5
P20264	139	144	P,P,P,P,P,P	CCGCCGCCGCCACCGCCG	122	190	5
P20264	174	179	P,P,P,P,P,P	CCCCCGCCGCCGCCCCCA	122	190	5
P20264	189	204	A,A,A,A,A,A,A,A,A,A,A,A,A,A,A,A	GCGGCCGCCGCTGCCGCAGCCGCAGCCGCCGCCGCCGCCGCCGCCGCG	122	190	1
P20264	270	277	H,H,H,H,H,H,H,H	CACCACCACCACCACCACCACCAC	231	319	7
P20264	295	300	G,G,G,G,G,G	GGCGGCGGCGGCGGCGGC	231	319	5
P20265	68	88	G,G,G,G,G,G,G,G,G,G,G,G,G,G,G,G,G,G,G,G,G	GGCGGCGGCGGCGGGGGCGGTGGCGGCGGCGGGGGGGGCGGGGGCGGCGGCGGGGGCGGCGGC	64	171	20
P20265	239	245	P,P,P,P,P,P,P	CCGCCGCCCCCGCCGCCCCCG	201	267	6
P20333	325	330	S,S,S,S,S,S	AGCTCCAGCAGCAGCTCC	321	377	5
P20393	82	93	S,S,S,S,S,S,S,S,S,S,S,S	GGAGGAGGAGGATGACGACGAGGAAGATGAGGAAGA	1	119	11
P20396	90	95	E,E,E,E,E,E	GAGGAGGAGGAGGAAGAG	63	205	5
P20396	98	104	E,E,E,E,E,E,E	GAAGAAGAGGAAGAGGAAGAA	63	205	6
P20396	168	175	E,E,E,E,E,E,E,E	GAAGAAGAGGAGGAGGAGGAAGAG	63	205	7
P20585	51	62	A,A,A,A,A,A,A,A,A,A,A,A	GCTGCAGCGGCTGCAGCGGCCGCAGCGGCCGCAGCG	31	122	11
P20962	46	51	E,E,E,E,E,E	GAGGAGGAAGAAGAAGAA	1	102	5
P21675	157	163	P,P,P,P,P,P,P	CCTCCTCCACCTCCACCCCCG	149	204	6
P21815	151	158	E,E,E,E,E,E,E,E	GAAGAAGAAGAGGAGGAAGAGGAA	58	254	7
P22004	33	39	A,A,A,A,A,A,A	GCTGCCGCGGCCGCCGCCGCC	38	66	1
P22004	113	118	Q,Q,Q,Q,Q,Q	CAGCAGCAGCAGCAGCAG	89	131	5
P22670	386	399	G,G,G,G,G,G,G,G,G,G,G,G,G,G	GCCACCCCCGCCACCGCCTCCCCCGCCGCCGCCGCCACCACC	370	405	13
P22670	925	932	E,E,E,E,E,E,E,E	CTCCTCCTCCTCTTCTTCCTCCTC	915	960	7
P22681	543	548	P,P,P,P,P,P	CCACCACCACCGCCTCCA	519	667	5
P23246	10	15	G,G,G,G,G,G	GCCACCACCGCCACCGCC	1	273	5
P23327	193	204	E,E,E,E,E,E,E,E,E,E,E,E	CTCCTCTTCCTCCTCCTCCTCCTCCTCCTCCTCTTC	127	617	11
P23327	246	261	D,D,D,D,D,D,D,D,D,D,D,D,D,D,D,D	ATCATCATCATCATCATCATCATCATCATCATCATCATCATCGTCATC	127	617	15
P23327	376	382	E,E,E,E,E,E,E	CTCCTCTTCTTCCTCTTCCTC	127	617	6
P23327	533	538	E,E,E,E,E,E	TTCCTCTTCTTCCTCCTC	127	617	5
P23327	541	547	E,E,E,E,E,E,E	TTCTTCCTCCTCCTCCTCCTC	127	617	6
P23327	568	575	E,E,E,E,E,E,E,E	CTCCTCCTCCTCCTCTTCCTCCTC	127	617	7
P23443	2	7	R,R,R,R,R,R	AGGCGACGAAGGAGGCGG	1	54	5
P23610	223	228	P,P,P,P,P,P	CCGCCGCCCCCGCCGCCG	213	250	5
P23610	223	228	P,P,P,P,P,P	CGGCGGCGGGGGCGGCGG	213	250	5
P23677	46	51	A,A,A,A,A,A	GCTGCGGCCGCCGCCGCG	49	160	2
P24385	272	280	E,E,E,E,E,E,E,E,E	GAGGAGGAGGAAGAGGAGGAGGAGGAG	262	295	8
P25054	2763	2768	S,S,S,S,S,S	AGTTCTAGCAGCTCAAGC	2729	2843	5
P25440	492	497	E,E,E,E,E,E	GAGGAAGAGGAGGAGGAA	456	647	5
P25490	70	80	H,H,H,H,H,H,H,H,H,H,H	CACCACCACCACCACCATCACCACCACCACCAC	33	81	10
P28356	131	140	G,G,G,G,G,G,G,G,G,G	GGCGGTGGCGGTGGTGGTGGAGGCGGCGGT	126	208	9
P28702	46	52	A,A,A,A,A,A,A	CGCCGCCGCCGCCGCCGCTGC	36	181	6
P29084	31	36	S,S,S,S,S,S	TGACGATGATGATGATGA	1	63	5
P29536	534	540	P,P,P,P,P,P,P	GGGAGGGGGAGGGGGTGGTGG	472	573	6
P29966	200	205	A,A,A,A,A,A	GCAGCTGCGGCCGCCGCC	1	332	5
P29973	105	110	K,K,K,K,K,K	TTTTTTCTTTTTCTTTTT	91	153	5
P30291	34	43	E,E,E,E,E,E,E,E,E,E	GAGGAGGAGGAAGAAGAGGAGGAGGAGGAG	1	181	9
P30414	1024	1029	E,E,E,E,E,E	GAAGAGGAGGAGGAGGAG	658	1072	5
P31249	119	124	P,P,P,P,P,P	CCCCCTCCTCCACCACCG	68	197	5
P31260	97	102	G,G,G,G,G,G	ACCCCCGCCACCGCCACC	89	158	5
P31270	177	183	A,A,A,A,A,A,A	TGCAGCCGCCGCCGCCGCCGC	154	246	6
P31276	29	38	G,G,G,G,G,G,G,G,G,G	GGCGGCGGCGGCGGAGGAGGAGGCGGCGGC	30	50	8
P31948	199	205	P,P,P,P,P,P,P	CCTCCACCACCACCCCCTCCC	192	233	6
P32242	292	301	H,H,H,H,H,H,H,H,H,H	CACCACCACCACCATCACCACCACCACCAC	257	305	9
P32243	95	101	Q,Q,Q,Q,Q,Q,Q	CTGCTGTTGTTGCTGTTGTTG	93	143	6
P35219	20	25	E,E,E,E,E,E	CTCCTCTTCTTCCTCCTC	1	26	5
P35241	470	477	P,P,P,P,P,P,P,P	TGGTGGTGGTGGAGGTGGAGGGGG	462	526	7
P35269	246	251	K,K,K,K,K,K	CTTCTTCTTCTTCTTTTT	178	466	5
P35453	25	30	S,S,S,S,S,S	TCTTCCTCCTCCTCATCG	1	28	3
P35453	85	92	S,S,S,S,S,S,S,S	TCTTCCTCGTCGTCGTCCTCTTCT	78	115	7
P35453	113	118	A,A,A,A,A,A	GCAGCGGCCGCTGCAGCG	78	115	2
P35527	15	21	G,G,G,G,G,G,G	GCCGCCCCCGCCACCCCCGCC	1	25	6
P35568	680	686	S,S,S,S,S,S,S	GCTGCTGCTGCTGCTGCTGCT	668	693	6
P35568	877	882	Q,Q,Q,Q,Q,Q	CTGCTGCTGCTGCTGCTG	771	900	5
P35568	1201	1207	P,P,P,P,P,P,P	AGGGGGTGGGGGTGGGGGAGG	1190	1242	6
P35637	222	231	G,G,G,G,G,G,G,G,G,G	GGTGGCGGCGGCGGCGGCGGCGGTGGTGGT	1	286	9
P35659	41	47	E,E,E,E,E,E,E	TTCCTCCTCCTCCTCCTCCTC	1	61	6
P36915	552	559	E,E,E,E,E,E,E,E	CTCTTCCTCTTCCTCCTCCTCCTC	547	607	7
P37275	1063	1071	E,E,E,E,E,E,E,E,E	GAGGAAGAGGAGGAGGAGGAGGAAGAA	989	1124	8
P42568	149	190	S,S,S,S,S,S,S,S,S,S,S,S,S,S,S,S,S,S,S,S,S,S,S,S,S,S,S,S,S,S,S,S,S,S,S,S,S,S,S,S,S,S	ACTACTGCTGCTGCTGCTGCTGCTACTGCTGCTGCTACTGCTGCTGCTGCTGCTGCTGCTGCTGCTGCTACTGCTGCTGCTGCTGCTGCTGCTGCTGCTGCTACTGCTGCTGCTGCTGCTGCTGCT	137	475	41
P42568	383	391	S,S,S,S,S,S,S,S,S	GCTGGAGCTGGAGCTGGAGCTGGAGCT	137	475	8
P42658	57	62	G,G,G,G,G,G	GGCGGCGGCGGCGGCGGC	1	88	5
P42768	314	319	P,P,P,P,P,P	CCGCCGCCCCCACCGCCA	307	502	5
P42768	367	373	P,P,P,P,P,P,P	CCTCCACCACCACCCCCTCCA	307	502	6
P42768	394	404	P,P,P,P,P,P,P,P,P,P,P	CCACCACCACCGCCACCACCGCCACCGCCGCCC	307	502	10
P42858	18	38	Q,Q,Q,Q,Q,Q,Q,Q,Q,Q,Q,Q,Q,Q,Q,Q,Q,Q,Q,Q,Q	CAGCAGCAGCAGCAGCAGCAGCAGCAGCAGCAGCAGCAGCAGCAGCAGCAGCAGCAGCAACAG	14	85	20
P42858	2638	2643	E,E,E,E,E,E	GAGGAAGAGGAGGAGGAG	2633	2662	5
P43363	54	62	S,S,S,S,S,S,S,S,S	GGAGGAGGAGGAGGAAGAGGAGGAGGA	1	131	8
P43699	234	241	G,G,G,G,G,G,G,G	GCCCCCGCCGCCCCCGCCGCCGCC	219	294	7
P46060	384	397	E,E,E,E,E,E,E,E,E,E,E,E,E,E	CTCTTCTTCCTCCTCCTCCTCCTCTTCTTCCTCCTCTTCCTC	357	430	13
P46087	113	118	E,E,E,E,E,E	TTCCTCCTCCTCTTCCTC	1	211	5
P46100	1259	1264	D,D,D,D,D,D	GTCGTCATCATCATCATC	968	1479	5
P46379	657	668	P,P,P,P,P,P,P,P,P,P,P,P	AGGTGGTGGGGGTGGAGGAGGTGGGGGTGGTGGAGG	651	692	11
P46531	2410	2415	P,P,P,P,P,P	TGGTGGTGGTGGTGGCGG	2379	2447	5
P47974	395	401	Q,Q,Q,Q,Q,Q,Q	CTGCTGCTGCTGCTGCTGCTG	397	494	4
P48023	45	53	P,P,P,P,P,P,P,P,P	CCACCACCACCACCGCCACCGCCACCA	20	71	8
P48634	1355	1360	G,G,G,G,G,G	GGGGGAGGTGGAGGTGGA	740	1775	5
P48634	1413	1418	G,G,G,G,G,G	GGAGGAGGCGGTGGGGGT	740	1775	5
P48751	136	145	E,E,E,E,E,E,E,E,E,E	GAGGAAGAGGAGGAAGAGGAGGAAGAGGAA	1	316	9
P48751	308	313	K,K,K,K,K,K	AAGAAGAAGAAGAAAAAG	1	316	5
P49137	35	40	P,P,P,P,P,P	CCGCCGCCGCCGCCCCCG	1	43	5
P49715	183	189	P,P,P,P,P,P,P	GGGCGGCGGCGGCGGCGGCGG	178	201	6
P49750	208	214	S,S,S,S,S,S,S	TCATCCTCCTCCTCTTCCTCG	1	381	6
P49756	584	589	E,E,E,E,E,E	GAAGAGGAGGAAGAAGAA	498	688	5
P49760	119	124	R,R,R,R,R,R	GCGCCTCCTCCGCCGTCT	101	143	5
P49790	9	14	G,G,G,G,G,G	GCCGCCACCGCCCCCTCC	1	37	5
P49840	26	35	G,G,G,G,G,G,G,G,G,G	GCCGCCGCCGCCTCCTCCGCCTCCGCCGCC	1	96	9
P49902	554	561	E,E,E,E,E,E,E,E	TTCTTCCTCCTCCTCCTCCTCTTC	538	561	7
P50219	42	49	G,G,G,G,G,G,G,G	CCCGCCGCCGCCGCCGCCACCTCC	37	78	7
P50222	68	80	H,H,H,H,H,H,H,H,H,H,H,H,H	ATGGTGGTGATGGTGGTGGTGGTGGTGGTGGTGGTGGTG	63	192	12
P50548	166	171	S,S,S,S,S,S	GGAAGATGAAGATGAAGA	130	169	3
P50548	418	423	P,P,P,P,P,P	TGGTGGCGGGGGCGGTGG	342	478	5
P50553	35	47	A,A,A,A,A,A,A,A,A,A,A,A,A	GCCGCAGCCGCGGCGGCCGCAGCCGCCGCAGCGGCAGCG	42	98	5
P50553	51	62	Q,Q,Q,Q,Q,Q,Q,Q,Q,Q,Q,Q	CAGCAGCAGCAGCAGCAGCAGCAGCAGCAGCAGCAG	42	98	11
P50579	98	106	K,K,K,K,K,K,K,K,K	AAGAAGAAGAAAAAGAAGAAGAAGAAG	1	123	8
P50616	249	256	P,P,P,P,P,P,P,P	TGGTGGTGGTGGTGGCGGTGGCGG	231	267	7
P50616	257	262	Q,Q,Q,Q,Q,Q	CTGCTGTTGTTGCTGCTG	231	267	5
P51608	366	372	H,H,H,H,H,H,H	GTGGTGGTGATGGTGGTGGTG	324	486	6
P51825	837	843	S,S,S,S,S,S,S	TCATCTTCATCTTCATCCTCC	366	957	6
P51826	670	677	S,S,S,S,S,S,S,S	CGAGGAGGAGGATGAAGATGACGA	523	728	7
P51991	16	21	R,R,R,R,R,R	CGTCGCCGTCGCCGCCGG	1	35	5
P52655	81	87	H,H,H,H,H,H,H	ATGATGGTGATGGTGGTGATG	69	107	6
P52945	42	47	P,P,P,P,P,P	CCCCCGCCGCCGCCGCCG	34	71	5
P52945	239	244	P,P,P,P,P,P	CCGCCGCCGCCGCCCCCC	201	283	5
P52951	56	63	P,P,P,P,P,P,P,P	GGGCGGCGGCGGCGGCGGCGGCGG	59	81	4
P53539	257	263	P,P,P,P,P,P,P	CCGCCCCCGCCACCACCGCCC	222	276	6
P53814	710	715	S,S,S,S,S,S	TCCTCTTCCTCCTCATCC	617	767	5
P54259	376	382	S,S,S,S,S,S,S	TCATCCTCTAGTAGTAGCTCT	1	608	6
P54259	386	395	S,S,S,S,S,S,S,S,S,S	TCCTCTTCCAGTTCTTCCTCCTCTTCCTCT	1	608	9
P54259	442	447	P,P,P,P,P,P	CCCCCACCACCTCCTCCC	1	608	5
P54259	484	502	Q,Q,Q,Q,Q,Q,Q,Q,Q,Q,Q,Q,Q,Q,Q,Q,Q,Q,Q	CAGCAACAGCAACAGCAGCAGCAGCAGCAGCAGCAGCAGCAGCAGCAGCAGCAGCAG	1	608	18
P54829	57	62	P,P,P,P,P,P	GGGAGGAGGGGGTGGCGG	1	80	5
P55010	179	185	P,P,P,P,P,P,P	CCACCACCACCACCACCACCA	143	216	6
P55081	134	139	E,E,E,E,E,E	TTCCTCCTCCTCTTCTTC	39	200	5
P55196	1365	1372	P,P,P,P,P,P,P,P	CCTCCGCCACCCCCGCCACCTCCA	1107	1473	7
P55196	1735	1740	E,E,E,E,E,E	GAGGAGGAGGAGGAGGAG	1569	1824	5
P55201	1003	1010	S,S,S,S,S,S,S,S	TCCAGCAGCAGTAGCAGTAGCAGC	819	1062	7
P55316	47	57	H,H,H,H,H,H,H,H,H,H,H	CACCACCACCACCACCACCACCATCACCACCAC	31	181	10
P55316	74	80	P,P,P,P,P,P,P	CCGCCGCCGCCGCCGCCCCCG	31	181	6
P55316	105	112	P,P,P,P,P,P,P,P	CCGCCGCCGCCACCGCCACCACCG	31	181	7
P56270	133	139	P,P,P,P,P,P,P	CCCCCTCCGCCACCCCCGCCA	121	146	6
P56975	26	34	A,A,A,A,A,A,A,A,A	GCGGCGGCTGCGGCGGCGGCAGCGGCG	28	48	6
P56975	252	260	S,S,S,S,S,S,S,S,S	TCCTCTTCTTCCTCTTCTTCCTCCTCC	246	280	8
P58012	37	43	G,G,G,G,G,G,G	CCCGCCGCCACCCCCACCGCC	1	53	6
P58401	23	32	P,P,P,P,P,P,P,P,P,P	AGGTGGCGGCGGCGGCGGTGGAGGCGGCGG	1	30	7
P61978	289	294	P,P,P,P,P,P	GGGAGGAGGGGGAGGTGG	250	329	5
P61978	310	315	P,P,P,P,P,P	AGGTGGTGGTGGTGGAGG	250	329	5
P62995	242	249	G,G,G,G,G,G,G,G	TCCTCCTCCTCCTCCACCTCCTCC	242	288	7
P78332	915	921	E,E,E,E,E,E,E	GAGGAGGAAGAAGAGGAGGAA	827	948	6
P78337	19	24	P,P,P,P,P,P	GGGTGGCGGCGGCGGCGG	1	103	5
P78362	24	36	P,P,P,P,P,P,P,P,P,P,P,P,P	AGGTGGCGGTGGTGGTGGTGGTGGCGGTGGAGGAGGAGG	1	65	12
P78364	425	439	Q,Q,Q,Q,Q,Q,Q,Q,Q,Q,Q,Q,Q,Q,Q	CAGCAGCAGCAGCAGCAACAACAGCAACAGCAGCAACAGCAGCAG	432	512	7
P78411	320	326	P,P,P,P,P,P,P	CCGCCTCCGCCGCCGCCTCCT	177	392	6
P78412	260	268	E,E,E,E,E,E,E,E,E	GAGGAAGAGGAGGAGGAGGAGGAGGAA	208	273	8
P78424	187	196	Q,Q,Q,Q,Q,Q,Q,Q,Q,Q	CAGCAGCAGCAGCAGCAGCAGCAGCAGCAG	186	297	9
P78424	448	458	S,S,S,S,S,S,S,S,S,S,S	TCCTCTTCTTCCTCCTCATCCTCCTCTTCTTCA	435	461	10
P78426	49	59	S,S,S,S,S,S,S,S,S,S,S	CGACGAGGAGGACGACGACGAGGACGAGGAGGA	36	133	10
P78426	123	130	S,S,S,S,S,S,S,S	GGACGAGGAAGAGGAGGAGGAGGA	36	133	7
P78559	939	944	E,E,E,E,E,E	GAAGAGGAAGAGGAGGAG	847	1080	5
P80192	30	38	E,E,E,E,E,E,E,E,E	CTCCTCCTCCTCCTCCTCCTCCTCCTC	12	47	8
P84550	284	289	G,G,G,G,G,G	GGAGGCGGCGGAGGCGGT	278	367	5
P84550	303	309	G,G,G,G,G,G,G	GGCGGCGGTGGCGGCGGTGGC	278	367	6
P98095	278	286	E,E,E,E,E,E,E,E,E	GAGGAGGAAGAAGAGGAGGAGGAGGAG	221	293	8
P98168	15	20	G,G,G,G,G,G	ACCGCCGCCGCCGCCGCC	1	89	5
P98169	15	20	G,G,G,G,G,G	GGCGGCGGCGGCGGCGGT	1	91	5
P98169	83	89	G,G,G,G,G,G,G	GGCGGCGGCGGCGGCGGCGGC	1	91	6
P98174	345	350	E,E,E,E,E,E	CTCTTCCTCCTCCTCCTC	1	353	5
P98175	80	85	R,R,R,R,R,R	CGTAGGCGGCGGCGGCGG	1	127	5
Q00577	297	303	Q,Q,Q,Q,Q,Q,Q	CAGCAGCAACAGCAGCAGCAG	295	322	6
Q00839	84	94	E,E,E,E,E,E,E,E,E,E,E	TTCCTCCTCCTCTTCCTCTTCCTCCTCCTCTTC	41	281	10
Q00839	218	223	G,G,G,G,G,G	ACCGCCGCCTCCGCCGCC	41	281	5
Q00839	740	745	G,G,G,G,G,G	TCCTCCACCGCCACCACC	671	749	5
Q00978	181	187	S,S,S,S,S,S,S	AGCAGCAGCAGCAGCAGCAGC	163	202	6
Q01081	212	223	G,G,G,G,G,G,G,G,G,G,G,G	TCCGCCGCCACCTCCACCACCGCCACCGCCACCGCC	183	240	11
Q01113	431	438	S,S,S,S,S,S,S,S	AGCAGCAGCAGCAGCAGCAGCAGC	413	439	7
Q01167	2	7	A,A,A,A,A,A	GCGGCGGCCGCGGCGGCG	1	36	5
Q01546	541	547	S,S,S,S,S,S,S	ACTGCTGCTGCTGCTGCTGCT	532	638	6
Q01668	1	7	M,M,M,M,M,M,M	ATGATGATGATGATGATGATG	1	21	6
Q01668	827	834	E,E,E,E,E,E,E,E	GAAGAGGAAGAGGAAGAGGAGGAG	766	850	7
Q01831	501	507	S,S,S,S,S,S,S	ACTGCTTGAAGAGCTTGAGGA	327	519	6
Q01851	100	108	H,H,H,H,H,H,H,H,H	GTGGTGGTGGTGGTGGTGGTGGTGGTG	94	117	8
Q02446	12	17	A,A,A,A,A,A	GCGGCAGCGGCAGCGGCG	1	67	5
Q02446	122	130	S,S,S,S,S,S,S,S,S	TCTAGTTCGTCTAGTTCTTCCAGCAGT	109	150	8
Q02447	21	29	G,G,G,G,G,G,G,G,G	GCCGCCGCCGCCGCCACCGCCGCCGCC	1	53	8
Q02447	46	51	A,A,A,A,A,A	GGCCGCCGCTGCCGCCGC	1	53	5
Q02575	66	71	R,R,R,R,R,R	CGCCGGCGCCGGCGCCGC	1	79	5
Q02818	401	407	Q,Q,Q,Q,Q,Q,Q	CAGCAGCAGCAGCAGCAGCAA	368	461	6
Q03052	77	82	G,G,G,G,G,G	GCCGCCGCCGCCTCCTCC	69	114	5
Q03052	106	111	G,G,G,G,G,G	ACCTCCGCCGCCGCCGCC	69	114	5
Q03052	430	435	P,P,P,P,P,P	CGGCGGGGGCGGTGGGGG	395	451	5
Q03052	439	444	H,H,H,H,H,H	GTGGTGGTGGTGGTGGTG	395	451	5
Q03111	272	280	P,P,P,P,P,P,P,P,P	GGGTGGGGGTGGGGGTGGGGGTGGGGG	147	484	8
Q03164	17	23	G,G,G,G,G,G,G	GGGGGCGGCGGCGGCGGGGGG	1	108	6
Q03164	61	67	A,A,A,A,A,A,A	GCGGCCGCGGCGGCGGCGGCG	1	108	6
Q03468	378	384	E,E,E,E,E,E,E	TTCCTCCTCTTCCTCCTCCTC	344	453	6
Q05519	20	31	G,G,G,G,G,G,G,G,G,G,G,G	GGTGGCGGAGGTGGTGGTGGCGGCGGAGGCGGCGGC	1	33	11
Q05682	191	196	E,E,E,E,E,E	GAGGAGGAGGAAGAGGAG	108	407	5
Q05925	78	83	P,P,P,P,P,P	AGGCGGCGGGGGCGGGGG	1	99	5
Q05BQ5	13	18	S,S,S,S,S,S	GGAGCTGGAGCTGCTGCT	1	31	5
Q06455	102	108	S,S,S,S,S,S,S	AGAGGAGGAGGAAGAAGAGGA	32	114	6
Q06945	178	183	G,G,G,G,G,G	GGGGGAGGAGGCGGCGGT	128	228	5
Q06945	222	227	G,G,G,G,G,G	GGCGGCGGCGGCGGCGGG	128	228	5
Q07065	71	77	G,G,G,G,G,G,G	GCCGCCGCCGCCGCCGCCGCC	1	83	6
Q07352	307	312	S,S,S,S,S,S	GCTGCTGCTGGAGCTGCT	273	338	5
Q07687	41	46	S,S,S,S,S,S	GCTGCTGCTGCTGCTGCT	16	81	5
Q07687	75	81	G,G,G,G,G,G,G	GCCCCCGCCGCCGCCGCCGCC	16	81	6
Q07687	309	315	H,H,H,H,H,H,H	GTGATGGTGGTGGTGGTGATG	300	328	6
Q07890	1203	1208	P,P,P,P,P,P	TGGTGGTGGCGGAGGTGG	1142	1332	5
Q07955	98	106	G,G,G,G,G,G,G,G,G	TCCGCCACCTCCACCCCCGCCGCCGCC	88	134	8
Q08397	261	267	P,P,P,P,P,P,P	CCGCCGCCGCCGCCGCCCCCC	239	374	6
Q08495	216	222	E,E,E,E,E,E,E	GAGGAAGAGGAGGAGGAGGAA	203	332	6
Q08499	58	63	P,P,P,P,P,P	GGGTGGCGGCGGCGGGGG	1	107	5
Q08828	7	14	G,G,G,G,G,G,G,G	GGCGGAGGCGGCGGCGGAGGCGGC	1	28	7
Q08999	9	16	P,P,P,P,P,P,P,P	CCACCGCCCCCGCCTCCCCCTCCG	1	45	7
Q09019	399	404	E,E,E,E,E,E	CTCCTCCTCCTCCTCTTC	384	419	5
Q09472	2190	2195	Q,Q,Q,Q,Q,Q	CAACAGCAGCAGCAACAG	2186	2237	5
Q0JRZ9	437	442	S,S,S,S,S,S	TCATCTTCTTCATCTTCA	403	537	5
Q0VAK6	152	157	D,D,D,D,D,D	GTCGTCATCATCATCATC	127	217	5
Q0VD83	179	184	E,E,E,E,E,E	GAGGAGGAGGAGGAAGAG	64	249	5
Q0ZGT2	556	562	E,E,E,E,E,E,E	GAAGAGGAGGAGGAGGAAGAA	551	584	6
Q10571	523	550	Q,Q,Q,Q,Q,Q,Q,Q,Q,Q,Q,Q,Q,Q,Q,Q,Q,Q,Q,Q,Q,Q,Q,Q,Q,Q,Q,Q	CTGCTGCTGCTGCTGCTGTTGCTGTTGCTGTTGCTGCTGCTGCTGCTGCTGTTGCTGCTGCTGCTGCTGCTGCTGCTGCTGTTG	474	615	27
Q10571	777	783	G,G,G,G,G,G,G	ACCCCCGCCACCGCCGCCACC	629	819	6
Q12791	39	60	S,S,S,S,S,S,S,S,S,S,S,S,S,S,S,S,S,S,S,S,S,S	CGAGGACGAGGAGGAAGAGGAGGAGGAAGAAGAAGAAGAGGAAGAGGAGGAGGAGGAGGAGGAGGA	1	61	21
Q12830	24	31	P,P,P,P,P,P,P,P	CCGCCGCCACCGCCGCCGCCGCCC	1	232	7
Q12830	77	82	P,P,P,P,P,P	CCGCCGCCGCCGCCGCCG	1	232	5
Q12830	103	109	G,G,G,G,G,G,G	GGGGGCGGGGGCGGCGGCGGC	1	232	6
Q12837	54	68	G,G,G,G,G,G,G,G,G,G,G,G,G,G,G	GGTGGTGGCGGCGGCGGCGGCGGCGGCGGCGGCGGCGGCGGAGGC	26	93	14
Q12837	171	182	H,H,H,H,H,H,H,H,H,H,H,H	CACCACCACCACCACCATCACCACCACCACCACCAC	153	188	11
Q12857	438	444	P,P,P,P,P,P,P	CCACCGCCACCGCCACCACCG	435	509	6
Q12874	357	362	E,E,E,E,E,E	CTCTTCTTCCTCTTCTTC	343	374	5
Q12899	422	432	E,E,E,E,E,E,E,E,E,E,E	TTCCTCCTCTTCCTCCTCCTCTTCTTCCTCTTC	376	437	10
Q12946	13	23	G,G,G,G,G,G,G,G,G,G,G	GGCGGCGGCGGCGGCGGCGGCGGGGGAGGCGGC	1	45	10
Q12947	33	41	A,A,A,A,A,A,A,A,A	GCCGCCGCCGCCGCCGCCGCCGCCGCC	32	98	8
Q12947	46	53	S,S,S,S,S,S,S,S	TCCTCCTCCTCGTCGTCGTCCTCC	32	98	7
Q12947	58	63	S,S,S,S,S,S	TCGTCCTCGTCCTCCTCC	32	98	5
Q12947	266	272	H,H,H,H,H,H,H	CACCACCACCACCACCACCAC	256	323	6
Q12947	301	306	G,G,G,G,G,G	GGGGGCGGCGGCGGCGGC	256	323	5
Q12948	375	380	G,G,G,G,G,G	GGCGGCGGCGGCGGCGGC	356	387	5
Q12948	438	443	S,S,S,S,S,S	AGCAGCAGCTCGTCGTCC	414	465	5
Q12948	447	456	G,G,G,G,G,G,G,G,G,G	GGCGGCGGCGGCGGCGGCGGCGGGGGAGGC	414	465	9
Q13033	6	11	G,G,G,G,G,G	GCCGCCACCACCGCCTCC	1	60	5
Q13151	182	187	G,G,G,G,G,G	GCCGCCTCCACCCCCACC	174	214	5
Q13151	271	278	G,G,G,G,G,G,G,G	GCCTCCACCGCCGCCGCCGCCGCC	262	305	7
Q13153	178	183	D,D,D,D,D,D	ATCATCATCATCATCATC	159	198	5
Q13191	554	559	P,P,P,P,P,P	AGGTGGCGGTGGAGGAGG	466	571	5
Q13206	781	788	D,D,D,D,D,D,D,D	GATGATGATGATGATGATGATGAT	703	850	7
Q13219	59	65	P,P,P,P,P,P,P	CCGCCGCCGCCGCCGCCGCCG	23	99	6
Q13233	942	949	T,T,T,T,T,T,T,T	ACAACAACAACAACAACAACAACA	933	973	7
Q13285	129	134	P,P,P,P,P,P	GGGAGGGGGCGGCGGGGG	119	157	5
Q13319	155	161	P,P,P,P,P,P,P	CCTCCGCCGCCGCCTCCCCCA	131	175	6
Q13367	766	771	S,S,S,S,S,S	TGATGAGCTACTGCTGGA	666	802	5
Q13387	95	103	E,E,E,E,E,E,E,E,E	GAGGAAGAGGAGGAGGAGGAGGAGGAG	40	160	8
Q13427	193	202	S,S,S,S,S,S,S,S,S,S	TCATCATCATCTTCCTCCTCCTCATCTAGT	182	754	9
Q13427	621	626	R,R,R,R,R,R	AGGAGGAGAAGGAGGAGA	182	754	5
Q13435	16	21	P,P,P,P,P,P	CCGCCGCCGCCACCTCCA	1	24	5
Q13435	104	113	P,P,P,P,P,P,P,P,P,P	CCTCCTCCGCCACCCCCACCACCTCCACCA	65	136	9
Q13435	720	726	E,E,E,E,E,E,E	GAAGAAGAGGAAGAGGAAGAA	691	757	6
Q13495	354	359	P,P,P,P,P,P	CCACCACCACCACCCCCA	310	365	5
Q13495	597	606	Q,Q,Q,Q,Q,Q,Q,Q,Q,Q	CAGCAGCAGCAGCAGCAACAGCAGCAGCAG	525	609	9
Q13562	67	75	E,E,E,E,E,E,E,E,E	CTCCTCTTCCTCTTCTTCCTCCTCTTC	1	94	8
Q13563	97	102	E,E,E,E,E,E	GAGGAGGAGGAGGAGGAG	58	181	5
Q13568	142	149	E,E,E,E,E,E,E,E	GAGGAGGAGGAAGAAGAGGAAGAG	121	207	7
Q13595	216	231	G,G,G,G,G,G,G,G,G,G,G,G,G,G,G,G	GCCACCACCTCCACCTCCACCGCCGCCGCCTCCTCCACCACCCCCACC	201	245	15
Q13613	5	10	A,A,A,A,A,A	GCGGCGGCGGCGGCGGCG	1	51	5
Q13620	61	67	S,S,S,S,S,S,S	ACTGCTGCTACTGCTGCTGCT	1	100	6
Q13685	53	59	E,E,E,E,E,E,E	CTCTTCCTCCTCTTCTTCCTC	1	63	6
Q13796	314	320	P,P,P,P,P,P,P	CCACCTCCTCCCCCTCCCCCT	247	475	6
Q13950	49	71	Q,Q,Q,Q,Q,Q,Q,Q,Q,Q,Q,Q,Q,Q,Q,Q,Q,Q,Q,Q,Q,Q,Q	CAACAGCAGCAGCAACAGCAGCAGCAGCAACAGCAGCAGCAGCAGCAGCAACAGCAGCAGCAGCAGCAG	18	59	10
Q14003	579	585	P,P,P,P,P,P,P	GGGCGGGGGTGGCGGGGGTGG	556	613	6
Q14004	51	57	P,P,P,P,P,P,P	CCGCCGCCGCCCCCGCCGCCT	30	60	6
Q14004	67	76	A,A,A,A,A,A,A,A,A,A	GCCGCCGCCGCAGCCGCCGCCGCCGCGGCC	75	545	1
Q14004	265	270	S,S,S,S,S,S	TCCAGCAGCAGTAGCAGC	75	545	5
Q14005	833	838	S,S,S,S,S,S	TCCTCCTCCTCCTCCTCC	732	970	5
Q14028	357	371	E,E,E,E,E,E,E,E,E,E,E,E,E,E,E	CTCCTCCTCTTCCTCCTCCTCCTCCTCTTCCTCTTCCTCCTCCTC	314	561	14
Q14160	660	666	E,E,E,E,E,E,E	CTCTTCCTCCTCCTCCTCCTC	633	702	6
Q14165	231	238	E,E,E,E,E,E,E,E	GAAGAGGAAGAAGAAGAAGAAGAA	221	265	7
Q14185	1826	1831	P,P,P,P,P,P	CCTCCACCTCCCCCTCCA	1732	1865	5
Q14202	818	824	P,P,P,P,P,P,P	TGGGGGTGGTGGGGGTGGAGG	759	830	6
Q14318	36	46	E,E,E,E,E,E,E,E,E,E,E	CTCTTCCTCCTCTTCCTCCTCCTCTTCCTCCTC	1	68	10
Q14432	1040	1045	E,E,E,E,E,E	GAAGAAGAGGAGGAAGAA	1023	1062	5
Q14469	166	171	P,P,P,P,P,P	CCGCCACCGCCCCCACCG	157	200	5
Q14494	496	509	S,S,S,S,S,S,S,S,S,S,S,S,S,S	AGTTCTTCCTCTTCTTCCTCCTCCTCTTCCTCTTCTTCCTCT	469	532	13
Q14549	14	20	G,G,G,G,G,G,G	GCCCCCGCCGCCGCCCCCGCC	1	31	6
Q14549	163	169	P,P,P,P,P,P,P	CGGAGGCGGAGGTGGTGGGGG	128	265	6
Q14686	1024	1032	Q,Q,Q,Q,Q,Q,Q,Q,Q	TTGTTGCTGCTGCTGCTGCTGCTGCTG	899	1278	8
Q14687	651	656	P,P,P,P,P,P	CCACCTCCGCCGCCACCA	633	675	5
Q14687	1102	1107	E,E,E,E,E,E	GAGGAGGAGGAAGAGGAG	1068	1122	5
Q14766	100	106	P,P,P,P,P,P,P	CCGCCGCCGCCGCCGCCGCCG	64	158	6
Q14839	114	119	K,K,K,K,K,K	CTTCTTCTTCTTCTTCTT	1	157	5
Q14839	134	139	E,E,E,E,E,E	CTCCTCCTCCTCCTCCTC	1	157	5
Q14934	297	302	P,P,P,P,P,P	CCACCTCCACCACCCCCA	208	369	5
Q14940	703	708	E,E,E,E,E,E	GAGGAGGAGGAGGAGGAG	701	720	5
Q14956	324	330	P,P,P,P,P,P,P	CCGCCACCGCCACCACCACCC	320	362	6
Q14978	216	227	S,S,S,S,S,S,S,S,S,S,S,S	AGTAGCAGCAGTAGCAGCAGCAGCAGCAGTAGCAGT	65	637	11
Q14978	564	569	E,E,E,E,E,E	GAGGAGGAGGAAGAAGAA	65	637	5
Q15022	7	13	G,G,G,G,G,G,G	GGCGGTGGGGGAGGGGGCGGC	1	23	6
Q15029	37	44	D,D,D,D,D,D,D,D	GTCATCGTCGTCGTCATCATCATC	1	54	7
Q15032	593	605	P,P,P,P,P,P,P,P,P,P,P,P,P	CCTCCTCCACCGCCACCACCACCACCTCCTCCTCCTCCC	583	625	12
Q15154	917	922	E,E,E,E,E,E	GAAGAGGAGGAAGAAGAG	915	947	5
Q15223	437	444	E,E,E,E,E,E,E,E	CTCCTCCTCCTCCTCCTCCTCCTC	399	488	7
Q15233	30	35	Q,Q,Q,Q,Q,Q	CAGCAGCAACAGCAGCAG	1	51	5
Q15269	240	247	E,E,E,E,E,E,E,E	GAGGAGGAAGAGGAGGAGGAGGAG	238	267	7
Q15406	10	16	G,G,G,G,G,G,G	GCCCCCGCCGCCTCCCCCTCC	1	32	6
Q15628	192	198	P,P,P,P,P,P,P	AGGTGGCGGCGGCGGCGGCGG	170	195	3
Q15637	501	506	Q,Q,Q,Q,Q,Q	CTGCTGCTGCTGTTGTTG	325	639	5
Q15637	507	513	P,P,P,P,P,P,P	GGGCGGAGGGGGTGGCGGAGG	325	639	6
Q15637	529	534	T,T,T,T,T,T	CGTGGTGGTAGTCGTCGT	325	639	5
Q15637	582	590	P,P,P,P,P,P,P,P,P	AGGCGGTGGAGGCGGCGGAGGGGGAGG	325	639	8
Q15637	599	606	P,P,P,P,P,P,P,P	GGGAGGCGGAGGAGGAGGGGGCGG	325	639	7
Q15648	1101	1107	S,S,S,S,S,S,S	AGATGAGGAAGAGGAGGAAGA	947	1566	6
Q15750	452	457	S,S,S,S,S,S	AGCAGCAGCTCCAGCTCT	430	478	5
Q15784	37	42	P,P,P,P,P,P	AGGCGGTGGCGGTGGCGG	1	129	5
Q15784	82	91	E,E,E,E,E,E,E,E,E,E	TTCTTCCTCCTCCTCTTCCTCCTCCTCCTC	1	129	9
Q15910	183	189	D,D,D,D,D,D,D	ATCATCATCATCGTCATCATC	180	222	6
Q15911	1723	1741	Q,Q,Q,Q,Q,Q,Q,Q,Q,Q,Q,Q,Q,Q,Q,Q,Q,Q,Q	TTGTTGTTGTTGTTGTTGTTGTTGTTGTTGCTGTTGCTGCTGCTGTTGTTGCTGCTG	1629	1727	4
Q15911	2039	2050	P,P,P,P,P,P,P,P,P,P,P,P	TGGGGGTGGAGGGGGTGGAGGGGGAGGTGGTGGTGG	2030	2082	11
Q15911	3197	3204	Q,Q,Q,Q,Q,Q,Q,Q	TTGCTGCTGCTGCTGCTGCTGCTG	3137	3267	7
Q15911	3384	3389	Q,Q,Q,Q,Q,Q	TTGCTGCTGCTGCTGCTG	3386	3449	3
Q15942	94	99	P,P,P,P,P,P	CCGCCGCCCCCTCCCCCG	23	351	5
Q16204	32	44	G,G,G,G,G,G,G,G,G,G,G,G,G	CCCACCGCCGCCGCCTCCCCCGCCGCCACCGCCGCCGCC	1	47	12
Q16204	440	448	P,P,P,P,P,P,P,P,P	GGGTGGCGGAGGTGGAGGCGGAGGTGG	397	474	8
Q16352	449	454	E,E,E,E,E,E	GAGGAGGAGGAGGAGGAG	441	466	5
Q16584	22	30	G,G,G,G,G,G,G,G,G	GCCTCCTCCACCGCCCCCACCACCCCC	11	38	8
Q16585	2	9	A,A,A,A,A,A,A,A	TGCAGCCGCCGCCGCCGCTGCCGC	1	32	7
Q16594	250	260	D,D,D,D,D,D,D,D,D,D,D	GTCATCATCATCATCATCGTCATCATCATCATC	232	264	10
Q16637	217	226	P,P,P,P,P,P,P,P,P,P	CCACCACCGCCACCGCCACCACCACCACCC	156	222	5
Q16676	52	57	R,R,R,R,R,R	GCGCCGCCGCCGCCGCCG	1	117	5
Q17R98	329	343	P,P,P,P,P,P,P,P,P,P,P,P,P,P,P	TGGTGGTGGTGGTGGAGGTGGTGGAGGTGGCGGTGGAGGTGGCGG	307	348	14
Q17RN3	344	349	K,K,K,K,K,K	AAGAAGAAGAAGAAGAAG	313	349	5
Q1ED39	15	20	K,K,K,K,K,K	TTTCTTCTTCTTTTTCTT	1	21	5
Q1ED39	65	72	K,K,K,K,K,K,K,K	CTTCTTTTTCTTCTTCTTTTTCTT	46	305	7
Q24JP5	827	835	E,E,E,E,E,E,E,E,E	GAGGAGGAGGAGGAAGAGGAGGAGGAG	766	839	8
Q27J81	421	428	P,P,P,P,P,P,P,P	CCACCCCCACCCCCACCCCCACCC	347	489	7
Q27J81	437	445	P,P,P,P,P,P,P,P,P	CCCCCTCCCCCTCCCCCACCACCCCCC	347	489	8
Q2LD37	1228	1233	S,S,S,S,S,S	AGTTCATCCTCTTCCTCA	1218	1257	5
Q2LD37	4140	4146	S,S,S,S,S,S,S	AGTTCCAGCAGTAGTTCATCT	4088	4146	6
Q2M1P5	624	631	E,E,E,E,E,E,E,E	CTCCTCCTCCTCCTCTTCCTCCTC	611	639	7
Q2M243	371	377	E,E,E,E,E,E,E	GAGGAGGAGGAAGAGGAGGAA	320	403	6
Q2M2I8	471	477	Q,Q,Q,Q,Q,Q,Q	CTGTTGCTGCTGCTGTTGCTG	327	493	6
Q2M329	48	53	E,E,E,E,E,E	CTCCTCCTCCTCCTCCTC	1	202	5
Q2MJR0	121	128	S,S,S,S,S,S,S,S	TCCTCCTCCTCCTCCTCCTCCTCT	117	210	7
Q2MKA7	245	251	Q,Q,Q,Q,Q,Q,Q	TTGCTGCTGCTGCTGTTGCTG	206	263	6
Q2Q1W2	43	48	G,G,G,G,G,G	GGGGGCGGCGGCGGGGGC	26	49	5
Q2TAL8	435	440	Q,Q,Q,Q,Q,Q	TTGCTGCTGCTGCTGCTG	419	441	5
Q2TBE0	77	82	K,K,K,K,K,K	TTTTTTCTTCTTTTTCTT	1	147	5
Q2V2M9	829	835	P,P,P,P,P,P,P	CCACCTCCCCCACCCCCACCC	821	849	6
Q2V2M9	841	847	P,P,P,P,P,P,P	CCGCCCCCACCCCCTCCGCCC	821	849	6
Q2VWA4	285	294	P,P,P,P,P,P,P,P,P,P	GGGCGGCGGTGGCGGCGGCGGCGGCGGGGG	280	316	9
Q2VWA4	695	706	P,P,P,P,P,P,P,P,P,P,P,P	AGGGGGCGGCGGGGGCGGCGGCGGCGGCGGCGGCGG	518	931	11
Q2VWA4	834	840	P,P,P,P,P,P,P	GGGCGGCGGCGGGGGCGGGGG	518	931	6
Q32P44	156	161	S,S,S,S,S,S	GGATGAGGAGGAGGAAGA	50	209	5
Q32P51	308	313	S,S,S,S,S,S	TCCAGCAGCAGCAGTAGC	271	320	5
Q3B726	227	233	K,K,K,K,K,K,K	TTTCTTCTTTTTCTTCTTTTT	209	338	6
Q3B726	276	283	K,K,K,K,K,K,K,K	CTTTTTCTTCTTCTTCTTTTTCTT	209	338	7
Q3B726	307	312	K,K,K,K,K,K	TTTCTTTTTTTTCTTTTT	209	338	5
Q3B7T3	77	84	H,H,H,H,H,H,H,H	CACCACCACCACCATCATCACCAC	71	91	7
Q3C1V1	74	80	P,P,P,P,P,P,P	GGGTGGTGGCGGGGGCGGGGG	55	94	6
Q3L8U1	2147	2155	S,S,S,S,S,S,S,S,S	TCATCTTCTTCCTCATCATCCTCTTCT	2050	2238	8
Q3L8U1	2183	2193	S,S,S,S,S,S,S,S,S,S,S	TCTTCCTCCTCCTCCTCCTCTTCATCTTCATCA	2050	2238	10
Q3SXY8	374	380	P,P,P,P,P,P,P	CCACCCCCACCCCCTCCTCCT	319	428	6
Q3T8J9	1458	1463	E,E,E,E,E,E	CTCTTCTTCCTCTTCTTC	1356	1601	5
Q3T8J9	1525	1531	E,E,E,E,E,E,E	TTCTTCTTCCTCCTCTTCTTC	1356	1601	6
Q3YEC7	654	660	K,K,K,K,K,K,K	AAGAAGAAGAAGAAGAAAAAA	281	729	6
Q4G0J3	218	225	K,K,K,K,K,K,K,K	AAGAAAAAGAAAAAGAAGAAGAAA	188	368	7
Q4KMQ1	607	621	E,E,E,E,E,E,E,E,E,E,E,E,E,E,E	CTCTTCCTCCTCTTCCTCTTCCTCCTCCTCCTCCTCCTCCTCCTC	578	630	14
Q4LE39	154	159	S,S,S,S,S,S	ACTGGAGGATGATGAAGA	124	166	5
Q4LE39	279	285	E,E,E,E,E,E,E	TTCCTCCTCCTCTTCTTCCTC	266	306	6
Q4LE39	543	553	E,E,E,E,E,E,E,E,E,E,E	CTCTTCTTCTTCTTCCTCCTCCTCCTCCTCTTC	458	577	10
Q4VCS5	385	391	H,H,H,H,H,H,H	GTGGTGATGGTGATGATGGTG	300	424	6
Q4ZG55	60	65	E,E,E,E,E,E	GAGGAAGAGGAAGAAGAG	52	77	5
Q504U0	12	17	P,P,P,P,P,P	GGGAGGCGGCGGGGGCGG	1	50	5
Q52LJ0	367	375	G,G,G,G,G,G,G,G,G	GGAGGTGGTGGGGGAGGGGGAGGAGGG	303	433	8
Q52LJ0	415	429	G,G,G,G,G,G,G,G,G,G,G,G,G,G,G	GGAGGAGGTGGTGGTGGTGGTGGTGGTGGTGGTGGAGGAGGTGGA	303	433	14
Q52MB2	138	144	E,E,E,E,E,E,E	GAGGAGGAAGAGGAAGAAGAG	101	176	6
Q53F19	344	359	E,E,E,E,E,E,E,E,E,E,E,E,E,E,E,E	TTCTTCTTCCTCTTCCTCTTCCTCCTCCTCCTCCTCTTCCTCCTCTTC	332	419	15
Q53GA4	128	133	A,A,A,A,A,A	TGCGGCGGCCGCGGCAGC	112	152	5
Q53HL2	125	131	E,E,E,E,E,E,E	GAAGAGGAAGAAGAAGAAGAA	130	169	1
Q53LP3	438	443	H,H,H,H,H,H	CATCACCACCATCACCAC	434	525	5
Q562E7	1153	1159	E,E,E,E,E,E,E	GAGGAGGAAGAGGAGGAGGAG	1097	1217	6
Q569H4	122	127	P,P,P,P,P,P	CCTCCACCACCTCCTCCA	114	161	5
Q56P03	122	127	K,K,K,K,K,K	TTTCTTCTTTTTTTTCTT	118	144	5
Q58F21	640	648	S,S,S,S,S,S,S,S,S	AGCAGCAGCAGCAGCAGCAGCTCATCA	610	698	8
Q5BKY9	233	238	K,K,K,K,K,K	CTTCTTTTTCTTCTTCTT	70	247	5
Q5EBL2	271	277	P,P,P,P,P,P,P	CCGCCGCCCCCGCCCCCGCCC	260	280	6
Q5FYB0	577	582	K,K,K,K,K,K	TTTCTTCTTCTTTTTTTT	531	599	5
Q5FYB1	527	533	E,E,E,E,E,E,E	TTCCTCTTCCTCCTCTTCCTC	510	539	6
Q5H9F3	1316	1324	E,E,E,E,E,E,E,E,E	GAGGAGGAGGAGGAAGAAGAGGAGGAG	1311	1381	8
Q5H9I0	386	391	E,E,E,E,E,E	CTCCTCCTCTTCCTCCTC	369	405	5
Q5HY92	222	230	P,P,P,P,P,P,P,P,P	TGGTGGCGGAGGAGGTGGTGGTGGGGG	196	237	8
Q5JQC4	92	98	E,E,E,E,E,E,E	CTCTTCCTCCTCCTCTTCCTC	1	102	6
Q5JSZ5	631	637	Q,Q,Q,Q,Q,Q,Q	CAGCAGCAGCAACAACAGCAG	385	641	6
Q5JTC6	380	387	E,E,E,E,E,E,E,E	CTCTTCTTCCTCTTCTTCCTCCTC	339	406	7
Q5JTC6	391	396	E,E,E,E,E,E	CTCCTCTTCTTCCTCCTC	339	406	5
Q5JTH9	1054	1064	E,E,E,E,E,E,E,E,E,E,E	CTCCTCCTCCTCCTCCTCCTCTTCTTCCTCCTC	1047	1101	10
Q5JU85	1181	1189	P,P,P,P,P,P,P,P,P	TGGCGGCGGGGGTGGGGGCGGAGGTGG	1091	1259	8
Q5JUK3	668	673	G,G,G,G,G,G	GGCGGTGGGGGCGGGGGC	660	689	5
Q5JV73	683	689	E,E,E,E,E,E,E	GAGGAGGAGGAGGAGGAGGAA	655	730	6
Q5JV73	1750	1776	Q,Q,Q,Q,Q,Q,Q,Q,Q,Q,Q,Q,Q,Q,Q,Q,Q,Q,Q,Q,Q,Q,Q,Q,Q,Q,Q	CAGCAGCAGCAGCAACAACAACAGCAGCAGCAGCAACAACAACAGCAGCAGCAACAACAACAGCAGCAGCAGCAGCAGCAG	1765	1798	11
Q5M9Q1	226	233	K,K,K,K,K,K,K,K	AAGAAGAAAAAGAAGAAAAAGAAA	105	290	7
Q5SXM2	506	511	R,R,R,R,R,R	CCTCCGCCGCCGCCTCCG	501	558	5
Q5SZQ8	359	373	Q,Q,Q,Q,Q,Q,Q,Q,Q,Q,Q,Q,Q,Q,Q	TTGCTGCTGCTGCTGTTGCTGCTGCTGCTGCTGCTGCTGCTGTTG	346	379	14
Q5T0Z8	975	980	E,E,E,E,E,E	CTCCTCCTCCTCCTCCTC	847	1038	5
Q5T1M5	1208	1214	D,D,D,D,D,D,D	GTCATCGTCATCATCATCATC	931	1219	6
Q5T442	152	158	E,E,E,E,E,E,E	GAGGAGGAGGAGGAGGAGGAG	108	178	6
Q5T4S7	608	616	P,P,P,P,P,P,P,P,P	TGGAGGAGGTGGGGGAGGAGGCGGAGG	601	638	8
Q5T4S7	2730	2736	D,D,D,D,D,D,D	ATCATCATCGTCATCATCATC	2711	2764	6
Q5T5C0	22	27	Q,Q,Q,Q,Q,Q	CAGCAGCAACAGCAGCAG	14	34	5
Q5T5P2	1045	1052	P,P,P,P,P,P,P,P	CCCCCTCCTCCTCCGCCACCTCCT	1003	1230	7
Q5T5P2	1123	1129	E,E,E,E,E,E,E	GAGGAGGAAGAAGAAGAAGAA	1003	1230	6
Q5T5P2	1481	1487	E,E,E,E,E,E,E	GAGGAGGAGGAAGAGGAGGAA	1481	1572	6
Q5TAQ9	100	112	E,E,E,E,E,E,E,E,E,E,E,E,E	CTCTTCTTCCTCCTCTTCTTCCTCCTCTTCCTCTTCCTC	1	147	12
Q5TC82	1008	1014	P,P,P,P,P,P,P	TGGAGGTGGCGGTGGTGGGGG	1000	1019	6
Q5TCS8	911	917	E,E,E,E,E,E,E	CTCTTCCTCTTCCTCTTCCTC	892	926	6
Q5TCZ1	702	710	S,S,S,S,S,S,S,S,S	GGAAGAGGAGGAGGAGGAAGAGGAGGA	505	840	8
Q5TF21	269	276	A,A,A,A,A,A,A,A	AGCCGCGGCCGCCGCCGCTGCCGC	266	368	7
Q5TGJ6	182	188	A,A,A,A,A,A,A	GCGGCGGCGGCGGCGGCGGCG	89	251	6
Q5TGY3	429	438	P,P,P,P,P,P,P,P,P,P	AGGGGGTGGAGGAGGCGGTGGTGGTGGGGG	394	467	9
Q5U5Q3	21	31	P,P,P,P,P,P,P,P,P,P,P	AGGCGGCGGTGGCGGCGGCGGCGGCGGGGGCGG	1	140	10
Q5U5Z8	747	752	K,K,K,K,K,K	CTTCTTTTTTTTCTTCTT	746	770	5
Q5VSG8	68	75	P,P,P,P,P,P,P,P	CCGCCCCCGCCGCCGCCGCCGCCC	46	93	7
Q5VST9	6789	6796	S,S,S,S,S,S,S,S	TCCTCCAGTTCCTCCTCCTCCTCT	6777	6863	7
Q5VT03	208	213	P,P,P,P,P,P	CCACCACCACCACCACCG	201	252	5
Q5VT52	1270	1276	P,P,P,P,P,P,P	CCACCTCCTCCTCCCCCTCCT	1132	1312	6
Q5VT52	1292	1298	P,P,P,P,P,P,P	CCACCCCCTCCTCCACCCCCT	1132	1312	6
Q5VT52	1384	1390	G,G,G,G,G,G,G	GGAGGAGGAGGTGGGGGAGGC	1340	1461	6
Q5VTL8	18	23	A,A,A,A,A,A	GCGGCTGCAGCTGCGGCT	1	40	5
Q5VUA4	1442	1456	P,P,P,P,P,P,P,P,P,P,P,P,P,P,P	GGGGGGTGGTGGAGGTGGTGGAGGTGGGGGTGGTGGAGGAGGTGG	1428	1463	14
Q5VUB5	862	867	D,D,D,D,D,D	GTCATCATCATCATCGTC	818	890	5
Q5VWQ0	144	149	P,P,P,P,P,P	AGGTGGCGGCGGAGGCGG	65	244	5
Q5VWQ8	920	929	P,P,P,P,P,P,P,P,P,P	CCTCCGCCCCCACCCCCGCCGCCACCTCCT	895	998	9
Q5VWX1	211	216	P,P,P,P,P,P	AGGTGGTGGGGGAGGAGG	182	284	5
Q5VX71	16	22	Q,Q,Q,Q,Q,Q,Q	TTGCTGCTGCTGCTGCTGCTG	1	21	5
Q5VXU3	18	24	E,E,E,E,E,E,E	GAGGAGGAGGAGGAAGAAGAA	1	80	6
Q5VYV0	165	174	P,P,P,P,P,P,P,P,P,P	CCGCCGCCGCCGCCGCCCCCGCCGCCGCCG	118	220	9
Q63HK5	149	159	S,S,S,S,S,S,S,S,S,S,S	GCTGCTGCTGCTGCTACTGCTGCTGCTGCTGCT	141	161	10
Q66PJ3	258	282	S,S,S,S,S,S,S,S,S,S,S,S,S,S,S,S,S,S,S,S,S,S,S,S,S	TCCAGCTCCTCCTCCTCTTCTTCCAGTTCTTCTAGCTCCTCTTCTTCCTCCTCGTCCTCCTCCTCTTCCTCCAGT	120	345	24
Q674R7	33	38	P,P,P,P,P,P	AGGAGGAGGAGGAGGTGG	1	144	5
Q674R7	843	848	Q,Q,Q,Q,Q,Q	CTGCTGCTGCTGCTGCTG	847	924	1
Q68DA7	904	912	P,P,P,P,P,P,P,P,P	AGGTGGCGGTGGAGGAGGCGGAGGTGG	859	978	8
Q68DA7	921	929	P,P,P,P,P,P,P,P,P	TGGGGGTGGGGGTGGGGGTGGTGGAGG	859	978	8
Q68DE3	1462	1478	Q,Q,Q,Q,Q,Q,Q,Q,Q,Q,Q,Q,Q,Q,Q,Q,Q	TTGTTGTTGTTGCTGTTGCTGCTGCTGCTGCTGCTGCTGCTGCTGCTGCTG	1460	1624	16
Q68DE3	1898	1903	S,S,S,S,S,S	TGAGGAAGAGGAACTTGA	1891	2031	5
Q68DQ2	29	34	E,E,E,E,E,E	GAAGAGGAAGAGGAGGAG	1	117	5
Q68DQ2	2148	2154	E,E,E,E,E,E,E	GAGGAAGAAGAGGAGGAGGAG	2139	2163	6
Q69YN4	139	149	P,P,P,P,P,P,P,P,P,P,P	GGGAGGTGGTGGCGGTGGAGGTGGTGGTGGTGG	132	302	10
Q6AI12	99	106	D,D,D,D,D,D,D,D	GTCATCATCATCATCATCATCATC	93	115	7
Q6BEB4	164	173	P,P,P,P,P,P,P,P,P,P	CCTCCGCCGCCGCCACCGCCCCCGCCGCCC	160	204	9
Q6GMV2	393	403	E,E,E,E,E,E,E,E,E,E,E	GAAGAGGAAGAGGAAGAGGAGGAGGAGGAGGAA	385	418	10
Q6KF10	29	34	S,S,S,S,S,S	GGACGACGAGGAGGATGA	29	93	5
Q6NUJ2	164	169	P,P,P,P,P,P	CCTCCGCCTCCACCGCCA	94	180	5
Q6NYC8	96	103	Q,Q,Q,Q,Q,Q,Q,Q	TTGTTGTTGCTGCTGCTGCTGCTG	18	231	7
Q6P158	37	49	G,G,G,G,G,G,G,G,G,G,G,G,G	GCCGCCACCTCCACCACCACCACCACCGCCACCGCCACC	1	106	12
Q6P1L5	45	50	Q,Q,Q,Q,Q,Q	CAGCAGCAGCAGCAGCAA	1	310	5
Q6P1L5	58	63	G,G,G,G,G,G	GGCGGCGGCGGCGGCGGC	1	310	5
Q6P1L5	78	84	G,G,G,G,G,G,G	GGCGGCGGCGGCGGCGGTGGC	1	310	6
Q6P1L5	140	145	P,P,P,P,P,P	CCGCCGCCGCCGCCGCCG	1	310	5
Q6P1X5	1146	1152	H,H,H,H,H,H,H	ATGGTGATGGTGGTGATGGTG	1136	1199	6
Q6P1X5	1155	1160	K,K,K,K,K,K	CTTCTTCTTCTTTTTCTT	1136	1199	5
Q6P444	208	213	P,P,P,P,P,P	TGGTGGAGGAGGAGGAGG	195	268	5
Q6P5Q4	119	124	E,E,E,E,E,E	GAGGAGGAGGAGGAGGAG	91	162	5
Q6P5Q4	127	132	E,E,E,E,E,E	GAGGAAGAGGAGGAAGAA	91	162	5
Q6P5Q4	421	433	P,P,P,P,P,P,P,P,P,P,P,P,P	CCTCCTCCTCCTCCCCCTCCTCCTCCTCCTCCCCCTCCT	352	533	12
Q6P5Q4	439	448	P,P,P,P,P,P,P,P,P,P	CCACCACCTCCTCCTCCTCCCCCTCCTCCA	352	533	9
Q6P995	43	56	Q,Q,Q,Q,Q,Q,Q,Q,Q,Q,Q,Q,Q,Q	CAACAGCAGCAGCAGCAGCAGCAACAACAACAACAACAGCAA	52	71	4
Q6PCB5	146	151	A,A,A,A,A,A	GCCGCCGCCGCCGCTGCC	145	222	5
Q6PCB5	253	259	K,K,K,K,K,K,K	AAGAAGAAAAAGAAAAAGAAA	242	272	6
Q6PCB6	64	69	A,A,A,A,A,A	GCCGCCGCCGCCGCGGCC	53	85	5
Q6PKC3	21	26	G,G,G,G,G,G	GCCGCCGCCGCCCCCTCC	1	38	5
Q6PL18	264	277	D,D,D,D,D,D,D,D,D,D,D,D,D,D	ATCATCATCATCATCATCATCATCGTCATCATCATCATCATC	216	380	13
Q6PL24	244	251	E,E,E,E,E,E,E,E	CTCTTCCTCCTCTTCCTCTTCTTC	232	267	7
Q6PUV4	108	114	E,E,E,E,E,E,E	GAGGAGGAGGAGGAAGAGGAG	1	114	6
Q6T4R5	68	73	P,P,P,P,P,P	CCACCGCCGCCGCCGCCA	1	104	5
Q6TDP4	27	32	P,P,P,P,P,P	CCGCCGCCTCCACCGCCG	1	53	5
Q6UB35	34	42	G,G,G,G,G,G,G,G,G	GGCGGCGGCGGAGGCGGCGGCGGTGGC	1	71	8
Q6UX04	212	217	E,E,E,E,E,E	GAGGAAGAAGAGGAGGAA	206	386	5
Q6UXI9	328	333	P,P,P,P,P,P	CCACCACCACCACCACCC	301	389	5
Q6VY07	35	40	Q,Q,Q,Q,Q,Q	CAGCAGCAGCAGCAGCAG	1	72	5
Q6WCQ1	179	189	S,S,S,S,S,S,S,S,S,S,S	AGCAGCAGCAGCAGCAGCAGCAGCAGCAGCAGC	152	302	10
Q6Y7W6	976	984	Q,Q,Q,Q,Q,Q,Q,Q,Q	CAGCAGCAGCAGCAACAGCAACAGCAG	957	997	8
Q6Y7W6	1016	1022	Q,Q,Q,Q,Q,Q,Q	CAGCAGCAGCAGCAGCAGCAA	1009	1048	6
Q6Y7W6	1211	1216	Q,Q,Q,Q,Q,Q	CAGCAGCAGCAGCAGCAG	1195	1230	5
Q6ZMY6	452	458	S,S,S,S,S,S,S	TCATCGTCATCATCATCATCG	447	472	6
Q6ZMZ0	92	97	A,A,A,A,A,A	CGCCGCCGCCGCCGCGGC	1	112	5
Q6ZN04	15	20	G,G,G,G,G,G	GCCGCCGCCGCCGCCGCC	1	31	5
Q6ZN04	493	508	S,S,S,S,S,S,S,S,S,S,S,S,S,S,S,S	GGAGGAAGAGGATGAAGAGCTGGAGGAGGAGCTGGACGAAGAGGAGGA	482	514	15
Q6ZN18	37	48	E,E,E,E,E,E,E,E,E,E,E,E	GAGGAGGAGGAGGAAGAGGAGGAGGAGGAAGAGGAG	1	229	11
Q6ZN18	64	73	G,G,G,G,G,G,G,G,G,G	GGTGGGGGCGGCGGAGGCGGCGGCGGAGGA	1	229	9
Q6ZN18	169	174	G,G,G,G,G,G	GGCGGCGGCGGGGGCGGC	1	229	5
Q6ZNA4	252	257	S,S,S,S,S,S	AGTTCTAGTAGTTCCAGT	212	277	5
Q6ZNA4	265	270	S,S,S,S,S,S	TCCTCTTCTAGCTCATCA	212	277	5
Q6ZNA4	514	520	H,H,H,H,H,H,H	CATCATCACCACCACCACCAT	508	537	6
Q6ZQQ6	2324	2329	E,E,E,E,E,E	CTCCTCTTCCTCTTCCTC	2199	2338	5
Q6ZSY5	73	78	G,G,G,G,G,G	GGCGGCGGCGGCGGCGGG	53	104	5
Q6ZT12	2	8	A,A,A,A,A,A,A	GCGGCGGCGGCCGCGGCGGCC	1	24	6
Q6ZTA4	253	260	P,P,P,P,P,P,P,P	CCGCCGCCGCCGCCGCCGCCGCCC	247	295	7
Q6ZU67	55	61	P,P,P,P,P,P,P	GGGCGGCGGGGGCGGCGGGGG	48	128	6
Q6ZU67	312	317	E,E,E,E,E,E	CTCCTCCTCCTCCTCTTC	287	322	5
Q6ZVC0	383	390	P,P,P,P,P,P,P,P	CCTCCCCCACCGCCTCCACCTCCT	64	448	7
Q6ZW33	457	470	P,P,P,P,P,P,P,P,P,P,P,P,P,P	CCTCCTCCTCCTCCTCCTCCTCCTCCTCCTCCTCCTCCTCCT	413	518	13
Q6ZW49	189	200	E,E,E,E,E,E,E,E,E,E,E,E	TTCCTCCTCCTCTTCCTCTTCCTCTTCTTCCTCTTC	188	271	11
Q6ZW49	428	434	Q,Q,Q,Q,Q,Q,Q	CTGCTGCTGCTGCTGCTGCTG	428	494	6
Q6ZW49	450	457	Q,Q,Q,Q,Q,Q,Q,Q	TTGCTGCTGCTGCTGCTGTTGCTG	428	494	7
Q6ZW49	542	548	Q,Q,Q,Q,Q,Q,Q	CTGCTGCTGCTGCTGCTGCTG	543	592	5
Q6ZW49	575	581	Q,Q,Q,Q,Q,Q,Q	CTGCTGTTGCTGCTGCTGCTG	543	592	6
Q6ZWH5	912	918	S,S,S,S,S,S,S	GCTTGAACTGGAGCTGCTGGA	898	954	6
Q70E73	629	648	P,P,P,P,P,P,P,P,P,P,P,P,P,P,P,P,P,P,P,P	TGGGGGAGGAGGGGGTGGTGGAGGGGGTGGTGGAGGAGGAGGTGGGGGTGGCGGAGGAGG	588	663	19
Q70E73	710	719	P,P,P,P,P,P,P,P,P,P	TGGGGGTGGAGGAGGGGGAGGGGGTGGTGG	675	1036	9
Q70E73	763	768	P,P,P,P,P,P	AGGAGGAGGTGGGGGGGG	675	1036	5
Q70E73	938	944	P,P,P,P,P,P,P	GGGTGGAGGTGGTGGTGGTGG	675	1036	6
Q70EK9	130	140	P,P,P,P,P,P,P,P,P,P,P	GGGTGGGGGCGGGGGTGGCGGCGGGGGCGGGGG	1	174	10
Q75N03	343	350	P,P,P,P,P,P,P,P	CCACCCCCACCTCCTCCACCACCA	255	491	7
Q75VX8	686	691	S,S,S,S,S,S	TCCTCCTCCTCTTCTTCT	625	743	5
Q76N89	912	918	G,G,G,G,G,G,G	GGAGGAGGCGGAGGTGGAGGG	894	938	6
Q7KZ85	38	43	E,E,E,E,E,E	GAGGAGGAGGAGGAGGAG	1	199	5
Q7L2J0	156	161	G,G,G,G,G,G	GGGGGAGGCGGGGGAGGC	1	167	5
Q7L3S4	8	14	E,E,E,E,E,E,E	GAGGAAGAGGAGGAGGAAGAG	1	63	6
Q7RTP6	992	1000	E,E,E,E,E,E,E,E,E	TTCTTCCTCCTCCTCCTCCTCCTCTTC	907	1313	8
Q7RTP6	1459	1465	P,P,P,P,P,P,P	CGGGGGTGGCGGTGGGGGCGG	1335	1776	6
Q7RTU7	158	166	P,P,P,P,P,P,P,P,P	CCCCCGCCGCCGCCCCCGCCGCCTCCC	148	177	8
Q7Z3G6	504	510	E,E,E,E,E,E,E	TTCCTCTTCCTCTTCCTCCTC	481	519	6
Q7Z3J2	58	64	S,S,S,S,S,S,S	TCCTCCTCCTCCTCCAGCTCC	43	69	6
Q7Z417	24	29	Q,Q,Q,Q,Q,Q	CTGCTGCTGCTGCTGCTG	1	100	5
Q7Z417	45	51	H,H,H,H,H,H,H	GTGATGATGGTGGTGGTGGTG	1	100	6
Q7Z417	379	386	S,S,S,S,S,S,S,S	AGATGATGAAGATGATGAAGATGA	369	402	7
Q7Z478	48	53	A,A,A,A,A,A	GGCAGCGGCAGCGGCAGC	27	75	5
Q7Z478	501	508	Q,Q,Q,Q,Q,Q,Q,Q	CTGTTGTTGCTGCTGTTGCTGCTG	502	526	6
Q7Z4N2	585	592	K,K,K,K,K,K,K,K	CTTTTTCTTCTTTTTCTTTTTCTT	573	596	7
Q7Z4S6	613	621	E,E,E,E,E,E,E,E,E	TTCCTCCTCCTCCTCCTCCTCTTCTTC	556	641	8
Q7Z5J4	278	291	Q,Q,Q,Q,Q,Q,Q,Q,Q,Q,Q,Q,Q,Q	CAGCAGCAGCAGCAGCAGCAGCAGCAGCAGCAGCAGCAGCAA	273	299	13
Q7Z5N4	11	16	G,G,G,G,G,G	GGTGGCGGCGGCGGCGGC	1	73	5
Q7Z5Q1	45	50	G,G,G,G,G,G	GGCGGCGGCGGCGGCGGC	1	103	5
Q7Z6J2	299	304	P,P,P,P,P,P	CCGCCCCCGCCGCCCCCG	293	349	5
Q7Z6J2	340	346	G,G,G,G,G,G,G	GGCGGGGGCGGAGGCGGGGGC	293	349	6
Q7Z6Z7	2434	2440	E,E,E,E,E,E,E	TTCCTCCTCCTCCTCCTCTTC	2356	2481	6
Q7Z7A4	515	524	P,P,P,P,P,P,P,P,P,P	CCTCCACCTCCTCCACCTCCACCACCACCA	437	548	9
Q86T24	328	333	E,E,E,E,E,E	GAAGAGGAGGAGGAGGAA	325	354	5
Q86T65	541	546	P,P,P,P,P,P	CCTCCACCCCCTCCTCCT	514	586	5
Q86T65	553	559	P,P,P,P,P,P,P	CCCCCTCCCCCACCACCACCC	514	586	6
Q86TG7	64	69	A,A,A,A,A,A	GCTGCAGCAGCTGCTGCC	21	74	5
Q86UE4	443	451	K,K,K,K,K,K,K,K,K	AAAAAGAAAAAAAAGAAAAAGAAGAAG	280	582	8
Q86UL8	233	238	E,E,E,E,E,E	CTCTTCCTCTTCCTCCTC	205	306	5
Q86UU0	223	230	G,G,G,G,G,G,G,G	GCCCCCGCCCCCGCCCCCGCCCCC	1	238	7
Q86UU0	1125	1130	P,P,P,P,P,P	CGGTGGTGGTGGGGGGGG	1116	1201	5
Q86UU5	269	275	G,G,G,G,G,G,G	GCCGCCGCCTCCGCCGCCCCC	251	273	4
Q86UU5	561	566	G,G,G,G,G,G	GCCACCACCCCCTCCACC	488	576	5
Q86V15	1663	1670	A,A,A,A,A,A,A,A	AGCTGCGGCGGCGGCGGCGGCGGC	1643	1736	7
Q86VE0	311	320	P,P,P,P,P,P,P,P,P,P	GGGAGGTGGCGGTGGGGGTGGGGGTGGGGG	297	333	9
Q86VQ1	5	13	S,S,S,S,S,S,S,S,S	TCCTCCTCCTCCTCCTCCAGTTCCTCT	1	55	8
Q86WN1	672	677	P,P,P,P,P,P	CGGCGGGGGAGGTGGTGG	609	690	5
Q86X95	233	238	K,K,K,K,K,K	TTTTTTCTTTTTTTTCTT	218	450	5
Q86X95	257	270	S,S,S,S,S,S,S,S,S,S,S,S,S,S	AGAGGAAGAGGAGGAGGAGGAGGAAGATGAGGAAGAAGAGGA	218	450	13
Q86XH1	353	359	K,K,K,K,K,K,K	CTTTTTCTTCTTCTTCTTTTT	349	384	6
Q86XK2	21	26	Q,Q,Q,Q,Q,Q	CTGCTGCTGCTGTTGCTG	1	132	5
Q86XK2	57	66	P,P,P,P,P,P,P,P,P,P	CGGCGGAGGCGGCGGTGGCGGCGGCGGAGG	1	132	9
Q86XN8	10	20	G,G,G,G,G,G,G,G,G,G,G	GCCGCCGCCGCCGCCGCCCCCGCCCCCGCCGCC	1	159	10
Q86XN8	133	139	P,P,P,P,P,P,P	GGGCGGCGGCGGCGGCGGGGG	1	159	6
Q86XR5	61	70	P,P,P,P,P,P,P,P,P,P	GGGAGGTGGCGGGGGTGGGGGCGGCGGGGG	59	79	9
Q86Y01	233	238	P,P,P,P,P,P	CCGCCGCCGCCGCCACCT	221	248	5
Q86Y13	1140	1146	E,E,E,E,E,E,E	GAGGAAGAGGAAGAAGAAGAG	1088	1145	5
Q86Y22	20	25	G,G,G,G,G,G	CCCTCCGCCGCCGCCGCC	1	28	5
Q86Y37	37	42	P,P,P,P,P,P	GGGGGGCGGCGGAGGTGG	1	56	5
Q86Y38	79	90	G,G,G,G,G,G,G,G,G,G,G,G	TCCTCCTCCTCCTCCGCCGCCGCCTCCTCCTCCTCC	42	259	11
Q86YL5	28	33	A,A,A,A,A,A	GGCGGCGGCGGCGGCGGC	1	29	1
Q86YN6	434	444	E,E,E,E,E,E,E,E,E,E,E	GAGGAAGAAGAGGAGGAGGAAGAGGAAGAAGAA	369	463	10
Q86YV5	713	718	P,P,P,P,P,P	TGGAGGCGGAGGAGGAGG	484	854	5
Q86YW9	1733	1738	E,E,E,E,E,E	GAGGAGGAAGAGGAAGAG	1721	1802	5
Q8IU89	346	355	E,E,E,E,E,E,E,E,E,E	CTCTTCTTCTTCCTCTTCCTCTTCCTCTTC	342	363	9
Q8IUC6	360	367	P,P,P,P,P,P,P,P	AGGAGGAGGAGGAGGAGGAGGAGG	336	384	7
Q8IUR6	383	390	E,E,E,E,E,E,E,E	GAGGAGGAGGAAGAAGAGGAAGAG	302	422	7
Q8IVF1	280	285	P,P,P,P,P,P	CCACCACCACCACCACCG	273	324	5
Q8IVL0	1694	1699	K,K,K,K,K,K	AAGAAGAAGAAAAAGAAA	1650	1778	5
Q8IVL1	633	638	S,S,S,S,S,S	TCCAGTTCCTCTTCCAGC	194	676	5
Q8IVL6	696	704	E,E,E,E,E,E,E,E,E	GAGGAGGAGGAAGAGGAAGAGGAAGAA	689	736	8
Q8IVW6	5	15	Q,Q,Q,Q,Q,Q,Q,Q,Q,Q,Q	CAGCAGCAGCAGCAGCAGCAGCAGCAACAACAG	1	36	10
Q8IVW8	23	28	R,R,R,R,R,R	CGGCGGCGCCGGCGCCGG	14	39	5
Q8IW70	14	21	G,G,G,G,G,G,G,G	GGCGGCGGCGGCGGCGGTGGCGGC	1	25	7
Q8IWI9	974	981	Q,Q,Q,Q,Q,Q,Q,Q	CAGCAGCAGCAGCAACAGCAACAG	971	990	7
Q8IWV7	864	869	P,P,P,P,P,P	AGGAGGTGGTGGTGGCGG	842	868	4
Q8IWX8	330	341	Q,Q,Q,Q,Q,Q,Q,Q,Q,Q,Q,Q	CTGCTGCTGCTGCTGTTGCTGCTGCTGCTGCTGCTG	336	549	5
Q8IX07	755	760	P,P,P,P,P,P	CCGCCCCCCCCGCCGCCC	708	810	5
Q8IX15	515	523	E,E,E,E,E,E,E,E,E	TTCTTCCTCCTCCTCTTCCTCTTCTTC	512	550	8
Q8IX15	529	537	E,E,E,E,E,E,E,E,E	TTCCTCCTCCTCCTCCTCCTCTTCCTC	512	550	8
Q8IXF0	696	706	G,G,G,G,G,G,G,G,G,G,G	GGCGGCGGCGGTGGGGGTGGCGGTGGCGGGGGG	657	725	10
Q8IXF0	763	772	G,G,G,G,G,G,G,G,G,G	GGCGGCGGGGGCGGGGGCGGGGGCGGCGGC	742	780	9
Q8IXQ4	81	88	D,D,D,D,D,D,D,D	GATGATGACGATGATGATGATGAT	1	304	7
Q8IXZ2	873	881	S,S,S,S,S,S,S,S,S	GGATGAGGAGGAGGAGGAGGAGGAGGA	798	891	8
Q8IXZ3	138	147	G,G,G,G,G,G,G,G,G,G	GCCGCCGCCGCCGCCCCCGCCGCCGCCGCC	136	156	9
Q8IXZ3	440	446	G,G,G,G,G,G,G	GCCGCCGCCGCCGCCGCCGCC	431	490	6
Q8IY26	30	35	G,G,G,G,G,G	GGCGGCGGTGGCGGCGGC	1	39	5
Q8IY37	160	168	E,E,E,E,E,E,E,E,E	CTCCTCCTCCTCCTCCTCCTCCTCCTC	116	225	8
Q8IY63	204	211	Q,Q,Q,Q,Q,Q,Q,Q	CAGCAGCAGCAGCAACAGCAGCAG	197	246	7
Q8IY81	358	366	E,E,E,E,E,E,E,E,E	TTCCTCCTCCTCCTCTTCCTCCTCCTC	332	370	8
Q8IY81	503	508	E,E,E,E,E,E	CTCCTCCTCCTCCTCCTC	457	510	5
Q8IYB3	358	365	S,S,S,S,S,S,S,S	AGTAGCTCATCATCCTCTTCATCT	139	904	7
Q8IYB3	809	815	K,K,K,K,K,K,K	AAGAAAAAGAAGAAAAAGAAG	139	904	6
Q8IYB3	838	844	A,A,A,A,A,A,A	GCTGCAGCTGCTGCAGCTGCT	139	904	6
Q8IYL3	232	240	D,D,D,D,D,D,D,D,D	ATCATCGTCGTCGTCATCATCATCATC	132	243	8
Q8IYS4	403	409	E,E,E,E,E,E,E	GAGGAGGAGGAGGAGGAAGAG	388	520	6
Q8IYU4	310	315	P,P,P,P,P,P	TGGTGGTGGAGGTGGGGG	305	325	5
Q8IYW5	152	157	E,E,E,E,E,E	TTCCTCTTCTTCCTCCTC	151	174	5
Q8IZ40	437	443	P,P,P,P,P,P,P	GGGAGGTGGAGGGGGTGGTGG	387	523	6
Q8IZD2	1544	1552	P,P,P,P,P,P,P,P,P	CCACCCCCTCCACCTCCTCCACCTCCT	1164	1561	8
Q8IZD2	1627	1634	P,P,P,P,P,P,P,P	CCCCCTCCTCCTCCACCACCACCT	1581	1835	7
Q8IZD2	1678	1684	P,P,P,P,P,P,P	CCCCCACCCCCACCCCCTCCT	1581	1835	6
Q8IZD2	1715	1723	P,P,P,P,P,P,P,P,P	CCCCCACCACCCCCTCCGCCGCCACCT	1581	1835	8
Q8IZD4	252	261	Q,Q,Q,Q,Q,Q,Q,Q,Q,Q	TTGCTGCTGCTGCTGCTGCTGCTGCTGCTG	243	266	9
Q8IZL8	840	848	P,P,P,P,P,P,P,P,P	AGGCGGCGGCGGAGGTGGGGGTGGCGG	639	1130	8
Q8IZL8	888	908	E,E,E,E,E,E,E,E,E,E,E,E,E,E,E,E,E,E,E,E,E	TTCCTCCTCTTCCTCTTCTTCCTCTTCTTCTTCTTCCTCTTCTTCCTCTTCCTCCTCCTCTTC	639	1130	20
Q8IZL8	922	930	E,E,E,E,E,E,E,E,E	CTCTTCTTCCTCCTCTTCTTCCTCTTC	639	1130	8
Q8IZP0	395	401	P,P,P,P,P,P,P	TGGTGGAGGTGGTGGCGGTGG	388	421	6
Q8IZP0	411	418	P,P,P,P,P,P,P,P	TGGTGGTGGTGGTGGGGGAGGTGG	388	421	7
Q8IZP7	102	107	E,E,E,E,E,E	GAGGAAGAGGAGGAGGAA	39	122	5
Q8IZU1	262	275	E,E,E,E,E,E,E,E,E,E,E,E,E,E	TTCTTCCTCTTCCTCTTCTTCTTCTTCCTCTTCCTCTTCTTC	186	293	13
Q8N0Z9	463	474	E,E,E,E,E,E,E,E,E,E,E,E	TTCCTCCTCCTCCTCCTCCTCCTCCTCTTCCTCTTC	461	500	11
Q8N143	234	244	S,S,S,S,S,S,S,S,S,S,S	TCCAGCAGCAGCAGCAGCAGCAGCAGCAGCAGT	210	259	10
Q8N144	239	248	P,P,P,P,P,P,P,P,P,P	CGGTGGCGGAGGTGGCGGCGGCGGCGGCGG	233	294	9
Q8N196	26	31	E,E,E,E,E,E	TTCCTCCTCCTCCTCTTC	1	84	5
Q8N1G1	192	197	G,G,G,G,G,G	ACCGCCACCCCCTCCACC	116	598	5
Q8N1P7	827	833	E,E,E,E,E,E,E	TTCCTCCTCCTCCTCCTCCTC	808	871	6
Q8N2C7	757	766	G,G,G,G,G,G,G,G,G,G	GGAGGAGGAGGTGGAGGAGGTGGAGGCGGC	732	784	9
Q8N2M8	339	348	A,A,A,A,A,A,A,A,A,A	GCAGCCGCAGCCGCTGCTGCCGCAGCAGCA	257	674	9
Q8N2M8	377	385	S,S,S,S,S,S,S,S,S	TCCTCCTCCTCCTCCTCCTCCTCTTCT	257	674	8
Q8N2R8	268	273	E,E,E,E,E,E	GAGGAAGAGGAAGAGGAG	263	298	5
Q8N2W9	479	487	E,E,E,E,E,E,E,E,E	GAGGAGGAGGAGGAAGAGGAGGAGGAA	443	510	8
Q8N2Y8	1239	1246	E,E,E,E,E,E,E,E	GAAGAGGAAGAGGAAGAAGAGGAG	1210	1261	7
Q8N319	124	132	A,A,A,A,A,A,A,A,A	GCGGCGGCGGCGGCGGCGGCGGCGGCG	112	162	8
Q8N3E9	506	511	E,E,E,E,E,E	CTCCTCTTCTTCCTCCTC	461	519	5
Q8N3X1	630	635	E,E,E,E,E,E	TTCTTCTTCTTCCTCTTC	621	676	5
Q8N3X1	712	719	P,P,P,P,P,P,P,P	TGGAGGTGGAGGTGGGGGTGGTGG	706	792	7
Q8N3X1	722	731	P,P,P,P,P,P,P,P,P,P	AGGAGGAGGTGGTGGAGGAGGGGGTGGAGG	706	792	9
Q8N3X1	905	918	P,P,P,P,P,P,P,P,P,P,P,P,P,P	TGGTGGTGGTGGAGGAGGAGGAGGAGGAGGTGGTGGTGGTGG	899	994	13
Q8N4B1	203	208	P,P,P,P,P,P	AGGCGGTGGTGGAGGGGG	194	219	5
Q8N4C8	480	487	Q,Q,Q,Q,Q,Q,Q,Q	CAGCAGCAGCAACAGCAGCAGCAG	395	887	7
Q8N4J0	19	24	G,G,G,G,G,G	GCCACCGCCTCCTCCCCC	1	25	5
Q8N584	19	25	A,A,A,A,A,A,A	GCGGCAGCGGCGGCGGCGGCG	1	22	3
Q8N594	51	57	G,G,G,G,G,G,G	GGAGGAGGCGGCGGCGGCGGG	1	63	6
Q8N5C8	177	182	P,P,P,P,P,P	AGGAGGTGGCGGTGGTGG	141	189	5
Q8N5V2	216	226	E,E,E,E,E,E,E,E,E,E,E	CTCCTCCTCCTCCTCCTCTTCTTCTTCCTCCTC	194	236	10
Q8N5X7	21	27	A,A,A,A,A,A,A	GGCGGCGGCAGCGGCGGCGGC	1	28	6
Q8N7H5	377	383	E,E,E,E,E,E,E	CTCCTCTTCCTCTTCCTCCTC	361	531	6
Q8N7J2	130	135	G,G,G,G,G,G	CCCCCCGCCGCCCCCGCC	76	358	5
Q8N7X4	40	45	S,S,S,S,S,S	TCTTCCTCATCCTCTTCT	1	175	5
Q8N819	27	33	E,E,E,E,E,E,E	GAGGAAGAGGAGGAGGAGGAG	16	65	6
Q8N8E2	47	54	E,E,E,E,E,E,E,E	TTCCTCCTCTTCCTCTTCCTCCTC	1	118	7
Q8N8S7	313	318	P,P,P,P,P,P	TGGTGGAGGAGGTGGAGG	221	379	5
Q8N8S7	347	355	P,P,P,P,P,P,P,P,P	AGGAGGGGGAGGAGGGGGCGGTGGAGG	221	379	8
Q8N8S7	361	368	P,P,P,P,P,P,P,P	AGGAGGTGGTGGAGGAGGAGGGGG	221	379	7
Q8N9B5	163	168	A,A,A,A,A,A	GCAGCCGCTGCAGCAGCC	50	178	5
Q8N9B5	811	825	P,P,P,P,P,P,P,P,P,P,P,P,P,P,P	CCACCACCTCCCCCACCTCCTCCCCCTCCCCCACCACCACCACCT	800	865	14
Q8N9E0	223	228	K,K,K,K,K,K	AAGAAGAAGAAGAAGAAA	68	248	5
Q8N9E0	235	240	K,K,K,K,K,K	AAGAAGAAGAAAAAGAAG	68	248	5
Q8N9Z2	7	12	R,R,R,R,R,R	GCGCCGGCGCCGCCGCCT	1	30	5
Q8N9Z2	149	157	P,P,P,P,P,P,P,P,P	GGGGGGCGGCGGCGGTGGGGGTGGCGG	109	167	8
Q8NAF0	484	490	P,P,P,P,P,P,P	GGGCGGCGGGGGCGGTGGCGG	477	562	6
Q8NAV1	195	200	E,E,E,E,E,E	GAAGAGGAAGAAGAGGAG	181	312	5
Q8NBR6	567	574	A,A,A,A,A,A,A,A	GCAGCAGCTGCTGCTGCTGCTGCT	556	621	7
Q8NBS9	41	46	A,A,A,A,A,A	CGCCGCCGCCGCCGCCGC	40	63	5
Q8NCE2	6	11	A,A,A,A,A,A	GCCGCCGCCGCCGCTGCC	1	27	5
Q8NCE2	512	518	S,S,S,S,S,S,S	TCTTCCAGCTCCTCTTCCTCA	476	546	6
Q8NCJ5	373	383	E,E,E,E,E,E,E,E,E,E,E	CTCTTCCTCTTCCTCTTCCTCCTCTTCCTCTTC	371	394	10
Q8NCN4	13	18	A,A,A,A,A,A	GCGGCGGCAGCAGCCGCT	1	71	5
Q8ND23	1080	1087	P,P,P,P,P,P,P,P	CCTCCACCCCCACCCCCTCCCCCG	1024	1372	7
Q8NDT2	116	122	P,P,P,P,P,P,P	CCGCCGCCTCCGCCACCGCCT	1	133	6
Q8NDT2	665	670	H,H,H,H,H,H	CACCACCACCACCACCAC	547	705	5
Q8NDX5	328	333	Q,Q,Q,Q,Q,Q	TTGCTGTTGCTGCTGTTG	313	332	4
Q8NDZ2	175	180	S,S,S,S,S,S	AGCAGCAGCAGCAGCAGC	163	199	5
Q8NE71	141	147	E,E,E,E,E,E,E	GAGGAAGAGGAGGAGGAAGAA	1	261	6
Q8NE71	235	240	E,E,E,E,E,E	GAAGAAGAGGAGGAGGAA	1	261	5
Q8NEW7	123	131	K,K,K,K,K,K,K,K,K	AAGAAGAAGAAGAAGAAGAAGAAGAAG	113	135	8
Q8NEZ4	14	19	P,P,P,P,P,P	GGGGGGTGGTGGCGGCGG	1	101	5
Q8NEZ4	1780	1787	Q,Q,Q,Q,Q,Q,Q,Q	TTGCTGTTGTTGCTGCTGCTGCTG	1709	2449	7
Q8NFC6	2988	2995	E,E,E,E,E,E,E,E	CTCTTCCTCTTCTTCCTCTTCCTC	2717	3051	7
Q8NFJ8	81	86	G,G,G,G,G,G	GGAGGAGGCGGCGGCGGC	30	94	5
Q8NFJ8	91	97	G,G,G,G,G,G,G	GGCGGCGGCGGCGGCGGCGGG	30	94	3
Q8NFJ8	226	234	S,S,S,S,S,S,S,S,S	AGCAGCAGCAGCAGCAGCAGCAGCAGC	188	242	8
Q8NFP9	1847	1855	S,S,S,S,S,S,S,S,S	TCCTCCTCCTCTTCCTCCTCTTCTAGT	1841	1860	8
Q8NFZ4	797	804	P,P,P,P,P,P,P,P	CCACCGCCACCCCCACCGCCCCCC	790	835	7
Q8NGU9	192	197	P,P,P,P,P,P	CCGCCGCCGCCGCCGCCA	188	210	5
Q8NHG8	65	71	A,A,A,A,A,A,A	GCCGCGGCGGCCGCGGCGGCC	1	141	6
Q8TA86	174	179	S,S,S,S,S,S	AGAGGAACTGGAGCTGCT	147	221	5
Q8TAD8	387	392	E,E,E,E,E,E	TTCTTCCTCCTCCTCCTC	373	396	5
Q8TAK6	43	48	S,S,S,S,S,S	TCCTCCTCCTCCTCCTCC	38	117	5
Q8TAM6	187	192	D,D,D,D,D,D	ATCATCATCATCATCATC	110	251	5
Q8TAQ2	1086	1092	P,P,P,P,P,P,P	AGGAGGAGGAGGAGGAGGCGG	997	1092	6
Q8TB24	280	285	P,P,P,P,P,P	CCACCACCCCCTCCCCCA	251	293	5
Q8TB72	508	513	Q,Q,Q,Q,Q,Q	CTGCTGTTGCTGCTGCTG	494	553	5
Q8TBE0	581	587	R,R,R,R,R,R,R	CGCCGCCGCCGTCGCCGCCGC	514	589	6
Q8TBK6	110	116	S,S,S,S,S,S,S	ACTGCTACTGCTACTGGAACT	89	192	6
Q8TBK6	187	192	K,K,K,K,K,K	TTTCTTTTTCTTCTTCTT	89	192	5
Q8TC41	108	113	E,E,E,E,E,E	GAGGAGGAAGAGGAGGAA	1	140	5
Q8TCZ2	49	54	T,T,T,T,T,T	GGTTGTGGTGGTGGTGGT	38	181	5
Q8TD19	752	760	G,G,G,G,G,G,G,G,G	ACCACCGCCGCCCCCGCCGCCTCCTCC	739	783	8
Q8TDI0	97	102	K,K,K,K,K,K	TTTCTTCTTCTTCTTTTT	1	134	5
Q8TDN4	2	8	A,A,A,A,A,A,A	GCGGCGGCGGCGGCGGCCGCC	1	99	6
Q8TE12	257	262	Q,Q,Q,Q,Q,Q	TTGCTGCTGCTGCTGCTG	252	285	5
Q8TE49	679	689	A,A,A,A,A,A,A,A,A,A,A	GGCGGCGGCGGCGGCGGCGGCAGCGGCGGCCGC	668	768	10
Q8TEB1	31	36	E,E,E,E,E,E	GAGGAAGAGGAAGAAGAG	1	40	5
Q8TER5	357	362	G,G,G,G,G,G	GGAGGAGGAGGAGGAGGC	253	503	5
Q8TF30	639	658	P,P,P,P,P,P,P,P,P,P,P,P,P,P,P,P,P,P,P,P	CCACCACCTCCTCCTCCTCCACCACCACCACCGCCGCCACCGCCGCCCCCACCCCCTCCT	627	707	19
Q8TF50	431	436	P,P,P,P,P,P	CCTCCACCACCACCCCCT	409	443	5
Q8TF61	107	112	H,H,H,H,H,H	GTGGTGATGGTGGTGGTG	85	110	3
Q8TF61	361	366	G,G,G,G,G,G	ACCACCGCCCCCACCTCC	347	542	5
Q8TF68	176	184	G,G,G,G,G,G,G,G,G	GCCACCTCCACCACCACCTCCGCCTCC	171	225	8
Q8TF68	501	516	Q,Q,Q,Q,Q,Q,Q,Q,Q,Q,Q,Q,Q,Q,Q,Q	CTGTTGCTGCTGCTGCTGCTGCTGCTGCTGCTGCTGCTGCTGCTGCTG	501	550	15
Q8TF72	1527	1534	P,P,P,P,P,P,P,P	CCCCCACCCCCACCTCCTCCACCG	1315	1573	7
Q8TF74	177	182	P,P,P,P,P,P	CCTCCCCCACCACCCCCA	56	387	5
Q8TF74	325	330	P,P,P,P,P,P	CCTCCACCCCCACCACCT	56	387	5
Q8TF74	340	345	P,P,P,P,P,P	CCCCCTCCCCCACCACCA	56	387	5
Q8TF76	77	82	R,R,R,R,R,R	AGGCGGCGGCGGAGGCGT	1	110	5
Q8WTT2	79	85	E,E,E,E,E,E,E	TTCTTCTTCTTCCTCTTCTTC	27	93	6
Q8WUP2	105	112	P,P,P,P,P,P,P,P	CCACCCCCTCCACCGCCCCCTCCA	41	120	7
Q8WUP2	140	145	P,P,P,P,P,P	CCGCCCCCGCCCCCACCA	135	176	5
Q8WV24	190	204	Q,Q,Q,Q,Q,Q,Q,Q,Q,Q,Q,Q,Q,Q,Q	CTGTTGTTGCTGCTGCTGCTGCTGCTGTTGCTGCTGCTGCTGCTG	190	222	14
Q8WVN8	139	146	E,E,E,E,E,E,E,E	GAAGAAGAGGAAGAAGAAGAAGAG	123	174	7
Q8WVV9	2	7	S,S,S,S,S,S	GGAGGAAGAGGAGGAGGA	1	71	5
Q8WWA1	50	70	S,S,S,S,S,S,S,S,S,S,S,S,S,S,S,S,S,S,S,S,S	TGAGGAGGAGGAGGATGAAGAAGATGAGGAGGATGAGGAGGAAGAGGAGGAGGAGGAAGAAGA	1	143	20
Q8WXD9	945	950	P,P,P,P,P,P	GGGTGGGGGCGGCGGGGG	630	977	5
Q8WXD9	1192	1197	P,P,P,P,P,P	AGGCGGGGGCGGTGGAGG	1072	1377	5
Q8WXD9	1345	1355	A,A,A,A,A,A,A,A,A,A,A	CGCGGCGGCGGCGGCGGCGGCGGCGGCGGCGGC	1072	1377	10
Q8WXE0	868	873	P,P,P,P,P,P	GGGGGGCGGGGGCGGGGG	676	1104	5
Q8WXI2	877	886	E,E,E,E,E,E,E,E,E,E	GAGGAAGAGGAGGAGGAGGAGGAGGAGGAA	864	905	9
Q8WXX7	1126	1133	H,H,H,H,H,H,H,H	CACCACCACCACCACCACCACCAC	1119	1147	7
Q8WY36	451	456	K,K,K,K,K,K	AAAAAGAAAAAGAAGAAA	438	482	5
Q8WY41	78	83	S,S,S,S,S,S	TCCTCCTCCTCGTCGTCC	68	121	5
Q8WYB5	1351	1368	E,E,E,E,E,E,E,E,E,E,E,E,E,E,E,E,E,E	GAGGAAGAGGAAGAGGAGGAGGAGGAGGAAGAGGAAGAAGAGGAAGAAGAGGAA	1022	1452	17
Q8WYB5	1409	1414	E,E,E,E,E,E	GAAGAGGAGGAGGAAGAG	1022	1452	5
Q8WYN3	341	347	E,E,E,E,E,E,E	GAGGAGGAGGAAGAAGAGGAG	335	395	6
Q8WYN3	371	383	E,E,E,E,E,E,E,E,E,E,E,E,E	GAGGAGGAGGAGGAAGAAGAAGAGGAAGAGGAGGAGGAG	335	395	12
Q8WYQ9	420	425	S,S,S,S,S,S	GCTGGAGGAGGAGCTGGA	355	457	5
Q8WYQ9	763	769	H,H,H,H,H,H,H	ATGGTGGTGGTGGTGGTGGTG	739	779	6
Q8WYR1	321	329	E,E,E,E,E,E,E,E,E	CTCCTCCTCCTCCTCTTCCTCCTCTTC	315	339	8
Q8WZ42	11808	11813	P,P,P,P,P,P	AGGTGGAGGAGGTGGGGG	11666	12032	5
Q92508	750	756	E,E,E,E,E,E,E	CTCCTCCTCCTCCTCCTCCTC	738	769	6
Q92541	162	167	S,S,S,S,S,S	AGCTCCTCTTCCAGTTCA	20	214	5
Q92558	324	330	P,P,P,P,P,P,P	AGGTGGTGGAGGAGGTGGGGG	304	400	6
Q92570	95	108	H,H,H,H,H,H,H,H,H,H,H,H,H,H	CATCACCATCACCACCACCACCACCACCACCACCACCATCAC	92	152	13
Q92574	1038	1043	S,S,S,S,S,S	GCTGCTGCTGCTGCTGCT	1006	1085	5
Q92609	487	492	S,S,S,S,S,S	AGAGGAGGAGCTACTGCT	475	564	5
Q92609	509	515	Q,Q,Q,Q,Q,Q,Q	CTGCTGCTGCTGTTGCTGTTG	475	564	6
Q92628	204	210	S,S,S,S,S,S,S	TCTAGCTCTTCTTCATCATCC	205	391	5
Q92793	2199	2216	Q,Q,Q,Q,Q,Q,Q,Q,Q,Q,Q,Q,Q,Q,Q,Q,Q,Q	TTGCTGCTGCTGCTGTTGCTGCTGTTGTTGCTGCTGCTGTTGCTGCTGCTGCTG	2112	2263	17
Q92794	788	793	E,E,E,E,E,E	CTCCTCTTCTTCCTCCTC	785	1445	5
Q92794	1069	1074	E,E,E,E,E,E	CTCTTCCTCCTCTTCTTC	785	1445	5
Q92794	1690	1696	P,P,P,P,P,P,P	GGGAGGGGGTGGGGGTGGAGG	1637	1721	6
Q92841	718	726	P,P,P,P,P,P,P,P,P	AGGAGGAGGAGGGGGAGGAGGAGGAGG	659	729	8
Q92896	73	84	Q,Q,Q,Q,Q,Q,Q,Q,Q,Q,Q,Q	CTGCTGTTGCTGTTGCTGCTGCTGCTGTTGCTGCTG	32	112	11
Q92908	324	333	H,H,H,H,H,H,H,H,H,H	CACCACCACCACCACCACCACCACCACCAT	286	339	9
Q92922	1082	1087	P,P,P,P,P,P	AGGTGGTGGTGGCGGTGG	1041	1105	5
Q92945	565	570	A,A,A,A,A,A	CGCGGCCGCTGCAGCTGC	497	569	4
Q92954	166	177	S,S,S,S,S,S,S,S,S,S,S,S	TCCTCCTCCTCCTCCTCCTCTTCCTCTTCTTCTTCA	111	966	11
Q93009	4	10	Q,Q,Q,Q,Q,Q,Q	CTGCTGCTGCTGCTGCTGCTG	1	38	6
Q93052	69	74	P,P,P,P,P,P	CCACCCCCACCTCCACCT	1	118	5
Q969W3	116	123	S,S,S,S,S,S,S,S	GCTGCTGCTGCTGCTGCTGCTGCT	1	156	7
Q969X0	8	13	E,E,E,E,E,E	CTCCTCCTCTTCCTCTTC	1	34	5
Q96AC1	149	154	K,K,K,K,K,K	CTTCTTCTTTTTTTTCTT	141	165	5
Q96AE4	16	26	G,G,G,G,G,G,G,G,G,G,G	TCCTCCACCACCACCGCCGCCACCACCGCCACC	1	31	10
Q96B18	258	263	R,R,R,R,R,R	CCGGCGGCGGCGCCTGCG	105	574	5
Q96B54	150	158	E,E,E,E,E,E,E,E,E	CTCCTCCTCCTCTTCCTCCTCCTCCTC	1	162	8
Q96BP3	12	17	R,R,R,R,R,R	AGACGTAGAAGGCGCCGG	1	30	5
Q96C00	212	219	E,E,E,E,E,E,E,E	GAAGAAGAAGAGGAGGAGGAGGAA	177	279	7
Q96C19	33	38	A,A,A,A,A,A	GCAGCGGCGGCGGCGGCG	13	38	5
Q96C34	24	30	E,E,E,E,E,E,E	GAAGAGGAGGAGGAAGAGGAG	15	36	6
Q96CJ1	184	190	S,S,S,S,S,S,S	AGTTCATCATCTTCAAGTAGT	170	234	6
Q96CK0	218	225	A,A,A,A,A,A,A,A	CGCTGCCGCTGCCGCTGCCGCAGC	176	236	7
Q96CX2	13	19	G,G,G,G,G,G,G	GCCGCCCCCGCCGCCGCCCCC	1	28	6
Q96D71	546	551	P,P,P,P,P,P	TGGAGGGGGAGGTGGTGG	506	624	5
Q96D96	48	55	E,E,E,E,E,E,E,E	CTCCTCCTCCTCCTCCTCCTCTTC	46	80	7
Q96DE5	4	9	S,S,S,S,S,S	TCATCATCATCCTCCTCA	1	29	5
Q96DT7	127	132	G,G,G,G,G,G	GGCGGCGGCGGCGGGGGT	1	156	5
Q96DZ5	16	23	E,E,E,E,E,E,E,E	CTCCTCCTCCTCTTCTTCCTCCTC	1	49	7
Q96EK4	104	132	Q,Q,Q,Q,Q,Q,Q,Q,Q,Q,Q,Q,Q,Q,Q,Q,Q,Q,Q,Q,Q,Q,Q,Q,Q,Q,Q,Q,Q	CAGCAGCAGCAACAGCAGCAGCAGCAGCAACAGCAGCAACAGCAGCAGCAGCAGCAACAGCAGCAGCAGCAGCAGCAGCAGCAGCAG	85	111	7
Q96EP5	256	261	P,P,P,P,P,P	CCCCCGCCACCCCCACCG	185	407	5
Q96EP5	296	301	P,P,P,P,P,P	CCTCCACCTCCACCGCCA	185	407	5
Q96EV2	320	327	P,P,P,P,P,P,P,P	CCCCCTCCACCGCCACCGCCGCCT	259	708	7
Q96EV2	482	489	P,P,P,P,P,P,P,P	CCCCCTCCACCACCACCGCCTCCT	259	708	7
Q96EV2	635	641	H,H,H,H,H,H,H	CACCACCACCACCACCACCAC	259	708	6
Q96F45	17	27	G,G,G,G,G,G,G,G,G,G,G	ACCGCCGCCTCCGCCTCCGCCGCCGCCGCCGCC	1	70	10
Q96F45	189	204	G,G,G,G,G,G,G,G,G,G,G,G,G,G,G,G	ACCCCCGCCGCCGCCCCCGCCACCGCCACCGCCTCCACCGCCGCCTCC	121	332	15
Q96F46	812	818	E,E,E,E,E,E,E	GAGGAAGAGGAGGAAGAGGAG	773	840	6
Q96F63	249	255	E,E,E,E,E,E,E	GAGGAAGAGGAAGAGGAGGAG	234	277	6
Q96GM8	336	342	R,R,R,R,R,R,R	CGGCGACGGCGACGACGTAGG	332	402	6
Q96GY0	209	214	S,S,S,S,S,S	TCTTCAAGTAGCAGCTCT	150	260	5
Q96HA7	739	744	S,S,S,S,S,S	TGAGCTGCTGCTGCTGCT	667	789	5
Q96HE9	34	39	P,P,P,P,P,P	CCTCCTCCTCCACCACCC	20	43	5
Q96HR8	128	145	S,S,S,S,S,S,S,S,S,S,S,S,S,S,S,S,S,S	AGAGGAAGAAGACGACGATGAGGAAGATGAAGAGGAAGACGATGAACTTGAACT	18	159	17
Q96IK1	4	9	G,G,G,G,G,G	TCCCCCGCCGCCGCCGCC	1	45	5
Q96IZ7	24	30	S,S,S,S,S,S,S	TCCTCCTCGAGCAGTTCTTCA	1	179	6
Q96IZ7	70	75	S,S,S,S,S,S	TCAAGCAGTAGCTCTTCT	1	179	5
Q96JC9	136	142	P,P,P,P,P,P,P	CCACCACCACCTCCACCACCT	106	268	6
Q96JK2	559	568	S,S,S,S,S,S,S,S,S,S	AGAGCTGCTAGAGCTGCTGGAACTGCTGGA	544	655	9
Q96JK9	633	650	Q,Q,Q,Q,Q,Q,Q,Q,Q,Q,Q,Q,Q,Q,Q,Q,Q,Q	CTGCTGCTGCTGCTGCTGCTGCTGTTGCTGTTGCTGCTGCTGTTGCTGCTGCTG	615	662	17
Q96JM2	545	554	P,P,P,P,P,P,P,P,P,P	CCACCACCACCGCCGCCGCCACCACCACCA	535	596	9
Q96JP5	59	67	A,A,A,A,A,A,A,A,A	GCCGCTGCGGCCGCCGCCGCCGCAGCT	1	306	8
Q96JP5	208	216	E,E,E,E,E,E,E,E,E	GAAGAGGAAGAGGAGGAGGAAGAAGAG	1	306	8
Q96JQ2	779	784	S,S,S,S,S,S	CGAGGAACTGGAGCTGCT	749	909	5
Q96K80	351	356	P,P,P,P,P,P	CCACCACCCCCACCCCCA	314	362	5
Q96KR1	128	133	P,P,P,P,P,P	TGGGGGTGGTGGTGGTGG	120	139	5
Q96L34	580	586	G,G,G,G,G,G,G	GGGGGTGGGGGTGGTGGGGGT	371	614	6
Q96L92	18	25	G,G,G,G,G,G,G,G	GGAGGTGGCGGCGGCGGCGGGGGG	1	42	7
Q96L92	34	40	G,G,G,G,G,G,G	GGCGGCGGGGGAGGCGGCGGC	1	42	6
Q96M86	2697	2703	E,E,E,E,E,E,E	GAGGAGGAGGAGGAGGAGGAG	2688	2766	6
Q96MA1	296	304	P,P,P,P,P,P,P,P,P	CCCCCGCCACCGCCACCACCACCTCCA	245	342	8
Q96MF2	65	76	E,E,E,E,E,E,E,E,E,E,E,E	CTCCTCCTCCTCCTCTTCTTCCTCTTCCTCTTCCTC	1	89	11
Q96MG2	106	111	P,P,P,P,P,P	CGGGGGCGGCGGCGGCGG	1	118	5
Q96MT3	764	770	S,S,S,S,S,S,S	GGAAGAGGAGGAGGAGGAAGA	763	831	6
Q96MU7	230	249	E,E,E,E,E,E,E,E,E,E,E,E,E,E,E,E,E,E,E,E	TTCTTCTTCTTCCTCCTCCTCCTCCTCCTCTTCCTCCTCCTCCTCTTCCTCCTCCTCCTC	1	338	19
Q96MY1	161	166	D,D,D,D,D,D	GTCATCGTCGTCATCATC	1	184	5
Q96N46	489	497	S,S,S,S,S,S,S,S,S	TCTTCATCATCATCCTCTTCCTCTTCT	464	550	8
Q96N64	69	75	P,P,P,P,P,P,P	CGGCGGCGGCGGTGGCGGCGG	1	153	6
Q96NB3	162	170	E,E,E,E,E,E,E,E,E	GAGGAGGAGGAGGAAGAGGAGGAGGAA	143	225	8
Q96NL0	14	20	G,G,G,G,G,G,G	GGCGGTGGCGGCGGAGGCGGC	1	24	6
Q96NM4	245	250	K,K,K,K,K,K	AAGAAGAAGAAAAAGAAG	192	258	5
Q96NT1	137	143	E,E,E,E,E,E,E	CTCCTCTTCCTCCTCCTCCTC	134	182	6
Q96P70	955	962	E,E,E,E,E,E,E,E	GAGGAGGAAGAGGAGGAGGAGGAG	936	967	7
Q96PN7	561	570	P,P,P,P,P,P,P,P,P,P	TGGTGGCGGCGGAGGCGGAGGCGGAGGCGG	529	578	9
Q96PV0	794	799	P,P,P,P,P,P	CCACCCCCACCACCGCCT	781	805	5
Q96PV0	957	966	H,H,H,H,H,H,H,H,H,H	CATCACCACCACCACCACCATCACCACCAC	933	1017	9
Q96PV0	1122	1128	G,G,G,G,G,G,G	GGTGGCGGAGGGGGTGGGGGG	1033	1154	6
Q96PV7	170	185	S,S,S,S,S,S,S,S,S,S,S,S,S,S,S,S	GGAAGAGGAGGACGAGGATGAGGATGATGAGGAGGAAGACGAGGACGA	159	192	15
Q96PX6	8	15	A,A,A,A,A,A,A,A	GCGGCGGCGGCTGCGGCGGCGGCG	1	37	7
Q96PY5	527	532	P,P,P,P,P,P	CCCCCTCCTCCACCACCA	513	597	5
Q96PY5	553	573	P,P,P,P,P,P,P,P,P,P,P,P,P,P,P,P,P,P,P,P,P	CCACCGCCGCCGCCGCCCCCTCCTCCACCTCCTCCTCCCCCACCGCCCCCTCCGCCTCCTCCT	513	597	20
Q96PZ0	81	86	E,E,E,E,E,E	TTCCTCCTCTTCTTCCTC	1	97	5
Q96Q04	419	426	P,P,P,P,P,P,P,P	GGGTGGGGGTGGCGGCGGTGGGGG	413	456	7
Q96Q04	639	646	E,E,E,E,E,E,E,E	CTCCTCCTCCTCCTCTTCTTCTTC	591	669	7
Q96Q15	13	18	G,G,G,G,G,G	GCCGCCGCCGCCGCCGCC	1	101	5
Q96QC0	715	721	P,P,P,P,P,P,P	TGGAGGAGGAGGAGGAGGAGG	617	905	6
Q96QS3	126	131	P,P,P,P,P,P	TGGCGGTGGCGGCGGAGG	118	255	5
Q96QS3	144	155	A,A,A,A,A,A,A,A,A,A,A,A	GGCCGCGGCGGCCGCGGCCGCGGCTGCCGCGGCGGC	118	255	11
Q96QU1	1435	1443	P,P,P,P,P,P,P,P,P	TGGCGGAGGCGGCGGCGGCGGCGGGGG	1426	1446	8
Q96QZ7	402	421	Q,Q,Q,Q,Q,Q,Q,Q,Q,Q,Q,Q,Q,Q,Q,Q,Q,Q,Q,Q	CTGCTGCTGCTGCTGCTGCTGCTGCTGCTGTTGCTGCTGCTGTTGCTGCTGCTGCTGCTG	411	464	10
Q96RJ6	75	81	E,E,E,E,E,E,E	CTCCTCTTCCTCCTCCTCTTC	57	88	6
Q96RL1	103	108	E,E,E,E,E,E	CTCCTCTTCTTCCTCCTC	93	152	5
Q96RN5	247	262	Q,Q,Q,Q,Q,Q,Q,Q,Q,Q,Q,Q,Q,Q,Q,Q	CAACAACAGCAACAGCAGCAGCAGCAGCAGCAGCAGCAGCAGCAGCAG	260	329	2
Q96RU3	340	345	P,P,P,P,P,P	AGGAGGGGGAGGGGGAGG	333	366	5
Q96S55	144	149	A,A,A,A,A,A	GCGGCCGCCGCCGCGGCG	48	190	5
Q96S59	5	10	P,P,P,P,P,P	CGGCGGCGGCGGCGGCGG	1	137	5
Q96S59	11	18	Q,Q,Q,Q,Q,Q,Q,Q	CTGCTGCTGCTGTTGCTGCTGCTG	1	137	7
Q96S59	71	77	P,P,P,P,P,P,P	CGGGGGCGGCGGCGGCGGAGG	1	137	6
Q96S59	82	92	P,P,P,P,P,P,P,P,P,P,P	AGGGGGAGGCGGGGGCGGCGGCGGGGGCGGCGG	1	137	10
Q96S65	20	26	S,S,S,S,S,S,S	AGAGGAAGAGGAGGAGGAGGA	1	62	6
Q96SQ7	124	130	P,P,P,P,P,P,P	CCGCCGCCGCCGCCGCCTCCT	59	223	6
Q96T23	1286	1292	E,E,E,E,E,E,E	TTCCTCTTCCTCCTCCTCCTC	1063	1428	6
Q96T25	163	173	P,P,P,P,P,P,P,P,P,P,P	AGGAGGAGGAGGAGGCGGGGGAGGGGGAGGGGG	137	195	10
Q96T25	410	424	P,P,P,P,P,P,P,P,P,P,P,P,P,P,P	CGGGGGCGGTGGCGGCGGCGGCGGCGGCGGCGGCGGCGGCGGCGG	403	433	14
Q96T92	334	340	S,S,S,S,S,S,S	TCTTCGTCGTCTTCGTCCTCC	310	418	6
Q99453	159	167	A,A,A,A,A,A,A,A,A	GGCCGCGGCCGCTGCGGCTGCCGCTGC	162	246	5
Q99453	212	217	G,G,G,G,G,G	CCCGCCGCCGCCGCCTCC	162	246	5
Q99453	241	260	A,A,A,A,A,A,A,A,A,A,A,A,A,A,A,A,A,A,A,A	AGCTGCCGCCGCTGCCGCTGCCGCCGCCGCCGCTGCCGCGGCCGCCGCCGCTGCTGCTGC	162	246	5
Q99453	241	260	A,A,A,A,A,A,A,A,A,A,A,A,A,A,A,A,A,A,A,A	AGCTGCCGCCGCTGCCGCTGCCGCCGCCGCCGCTGCCGCGGCCGCCGCCGCTGCTGCTGC	259	289	1
Q99457	35	41	S,S,S,S,S,S,S	GCTGCTGCTAGAGCTACTGCT	1	95	6
Q99536	38	43	A,A,A,A,A,A	GGCGGCGGCGGCGGCGGC	1	40	2
Q99549	151	156	K,K,K,K,K,K	AAGAAGAAAAAGAAAAAA	129	191	5
Q99569	788	794	K,K,K,K,K,K,K	AAGAAGAAGAAAAAGAAAAAG	773	810	6
Q99590	1277	1285	P,P,P,P,P,P,P,P,P	TGGTGGGGGAGGGGGTGGTGGTGGTGG	1269	1350	8
Q99626	250	256	Q,Q,Q,Q,Q,Q,Q	CTGCTGCTGCTGTTGCTGCTG	242	313	6
Q99645	81	87	E,E,E,E,E,E,E	TTCCTCCTCCTCTTCCTCTTC	64	101	6
Q99700	166	188	Q,Q,Q,Q,Q,Q,Q,Q,Q,Q,Q,Q,Q,Q,Q,Q,Q,Q,Q,Q,Q,Q,Q	CTGCTGCTGCTGCTGCTGCTGCTGCTGTTGCTGCTGCTGCTGCTGCTGCTGCTGCTGCTGCTGCTGCTG	1	255	22
Q99742	214	222	S,S,S,S,S,S,S,S,S	TCCTCTTCCTCCTCCTCTTCCTCTTCG	198	229	8
Q99811	19	24	P,P,P,P,P,P	CCGCCGCCGCCTCCACCC	1	33	5
Q99856	550	556	G,G,G,G,G,G,G	GGAGGCGGCGGCGGCGGCGGC	539	593	6
Q99946	41	47	H,H,H,H,H,H,H	GTGGTGGTGGTGGTGATGGTG	1	142	6
Q9BQ61	20	25	G,G,G,G,G,G	CCCGCCACCGCCACCGCC	1	121	5
Q9BQI5	411	417	P,P,P,P,P,P,P	CCACCTCCCCCACCACCACCC	313	524	6
Q9BQI5	458	463	P,P,P,P,P,P	CCACCTCCACCTCCTCCC	313	524	5
Q9BRK4	188	197	S,S,S,S,S,S,S,S,S,S	TCCTCCTCCTCCTCTTCCTCCTCCTCTTCA	150	201	9
Q9BRK4	312	319	P,P,P,P,P,P,P,P	CCACCACCCCCGCCTCCACCTCCT	214	323	7
Q9BRS2	64	69	D,D,D,D,D,D	GACGATGATGATGATGAC	14	70	5
Q9BT81	184	189	G,G,G,G,G,G	GCCGCCGCCGCCACCACC	140	197	5
Q9BT92	455	461	E,E,E,E,E,E,E	GAGGAGGAGGAAGAGGAGGAG	447	498	6
Q9BTC0	1261	1266	P,P,P,P,P,P	AGGGGGCGGAGGCGGCGG	1206	1427	5
Q9BTD3	294	299	P,P,P,P,P,P	CCGCCGCCGCCGCCGCCG	277	319	5
Q9BTT0	185	194	E,E,E,E,E,E,E,E,E,E	CTCCTCTTCCTCTTCCTCCTCCTCTTCCTC	149	268	9
Q9BU76	189	194	K,K,K,K,K,K	CTTTTTCTTTTTCTTCTT	148	263	5
Q9BUJ2	774	782	P,P,P,P,P,P,P,P,P	CCACCGCCTCCACCTCCACCACCACCT	595	811	8
Q9BUL5	248	261	E,E,E,E,E,E,E,E,E,E,E,E,E,E	CTCTTCTTCTTCTTCCTCTTCCTCCTCTTCCTCCTCCTCTTC	139	321	13
Q9BV68	291	301	S,S,S,S,S,S,S,S,S,S,S	CGAGCTGGAGGAGGACGATGACGACGAGGAGGA	277	311	10
Q9BVH7	38	49	Q,Q,Q,Q,Q,Q,Q,Q,Q,Q,Q,Q	CAGCAGCAGCAGCAGCAGCAGCAACAGCAGCAGCAG	32	81	11
Q9BVI0	542	550	K,K,K,K,K,K,K,K,K	AAGAAGAAAAAGAAAAAGAAAAAGAAA	481	611	8
Q9BW71	398	403	S,S,S,S,S,S	TGAGGAGGAAGAGGAGCT	64	426	5
Q9BWK5	140	145	E,E,E,E,E,E	CTCTTCCTCCTCCTCCTC	77	147	5
Q9BWU0	648	658	E,E,E,E,E,E,E,E,E,E,E	GAAGAGGAGGAGGAAGAGGAAGAGGAAGAAGAG	619	796	10
Q9BX70	41	54	A,A,A,A,A,A,A,A,A,A,A,A,A,A	GGCGGCGGCGGCGGCGGCGGCGGCGGCGGCGGCGGCGGCCGC	1	86	13
Q9BXB4	39	44	S,S,S,S,S,S	GCTGCTGCTGCTGCTACT	1	50	5
Q9BXK1	58	63	P,P,P,P,P,P	GGGGGGCGGCGGGGGTGG	25	74	5
Q9BXM0	1353	1361	E,E,E,E,E,E,E,E,E	CTCTTCCTCCTCCTCCTCCTCCTCCTC	1318	1461	8
Q9BXN1	38	51	D,D,D,D,D,D,D,D,D,D,D,D,D,D	ATCATCATCATCATCATCATCATCATCATCATCATCATCATC	35	59	13
Q9BXY0	206	211	D,D,D,D,D,D	GATGATGATGATGATGAT	191	278	5
Q9BY79	111	116	T,T,T,T,T,T	GGTGGTGGTGGTCGTGGT	100	143	5
Q9BYE0	198	203	P,P,P,P,P,P	AGGCGGCGGTGGCGGCGG	125	225	5
Q9BYE7	91	99	E,E,E,E,E,E,E,E,E	CTCCTCCTCCTCCTCTTCTTCCTCCTC	1	115	8
Q9BYN7	178	187	P,P,P,P,P,P,P,P,P,P	CCTCCACCTCCTCCTCCACCTCCTCCACCA	152	217	9
Q9BYZ6	326	334	H,H,H,H,H,H,H,H,H	CACCACCACCATCACCACCACCACCAT	304	333	7
Q9BZ72	612	622	G,G,G,G,G,G,G,G,G,G,G	GCCACCACCGCCACCGCCGCCACCGCCACCACC	618	671	4
Q9BZL4	13	18	A,A,A,A,A,A	GGCAGCCGCCGCCGCCGC	1	43	5
Q9BZM3	134	139	H,H,H,H,H,H	CACCACCATCACCATCAT	116	151	5
Q9BZM3	147	162	A,A,A,A,A,A,A,A,A,A,A,A,A,A,A,A	GCCGCGGCGGCGGCAGCAGCAGCAGCGGCGGCGGCGGCCGCGGCGGCC	116	151	4
Q9C0A1	1699	1704	E,E,E,E,E,E	CTCTTCCTCCTCCTCTTC	1696	1769	5
Q9C0B9	43	50	P,P,P,P,P,P,P,P	CCCCCGCCGCCGCCGCCGCCGCCC	1	90	7
Q9C0B9	59	64	P,P,P,P,P,P	CCGCCGCCGCCGCCGCCC	1	90	5
Q9C0C7	270	275	P,P,P,P,P,P	AGGGGGAGGCGGTGGGGG	254	284	5
Q9C0D0	395	401	E,E,E,E,E,E,E	GAAGAGGAGGAAGAGGAGGAG	376	410	6
Q9C0D6	34	43	P,P,P,P,P,P,P,P,P,P	CCTCCTCCACCTCCTCCTCCACCCCCTCCA	16	89	9
Q9C0D6	58	65	P,P,P,P,P,P,P,P	CCTCCTCCACCCCCACCACCTCCA	16	89	7
Q9C0F0	2017	2028	P,P,P,P,P,P,P,P,P,P,P,P	CCGCCGCCGCCACCGCCTCCCCCTCCCCCTCCACCC	1990	2068	11
Q9C0F0	2032	2040	P,P,P,P,P,P,P,P,P	CCCCCGCCTCCCCCCCCACCACCTCCG	1990	2068	8
Q9GZR7	83	89	E,E,E,E,E,E,E	CTCCTCCTCCTCCTCTTCTTC	61	170	6
Q9H040	444	449	S,S,S,S,S,S	TCCAGCAGTTCATCCAGT	428	453	5
Q9H0K1	823	832	P,P,P,P,P,P,P,P,P,P	CCGCCACCGCCACCACCCCCTCCACCACCA	801	896	9
Q9H0R3	13	19	P,P,P,P,P,P,P	CCGCCGCCGCCACCCCCGCCC	1	26	6
Q9H158	936	943	K,K,K,K,K,K,K,K	AAGAAAAAGAAGAAAAAGAAGAAG	844	963	7
Q9H165	492	504	E,E,E,E,E,E,E,E,E,E,E,E,E	CTCCTCCTCCTCCTCTTCCTCCTCTTCTTCCTCTTCCTC	471	512	12
Q9H1B7	596	602	P,P,P,P,P,P,P	AGGTGGGGGCGGCGGAGGCGG	585	698	6
Q9H1E5	277	282	E,E,E,E,E,E	CTCCTCCTCTTCTTCCTC	225	349	5
Q9H2A3	39	44	E,E,E,E,E,E	CTCCTCCTCCTCTTCTTC	30	69	5
Q9H2G4	25	33	P,P,P,P,P,P,P,P,P	CCGCCCCCGCCGCCGCCGCCGCCGCCG	1	56	8
Q9H2G4	187	195	R,R,R,R,R,R,R,R,R	AGGAGGCGGCGGCGGCGGCGGAGGAGG	175	207	8
Q9H2S1	51	58	A,A,A,A,A,A,A,A	GCAGCCGCTGCCGCCGCCGCCGCT	1	54	3
Q9H2U1	37	46	G,G,G,G,G,G,G,G,G,G	ACCACCCCCTCCGCCGCCGCCGCCTCCTCC	1	58	9
Q9H2Z4	264	270	P,P,P,P,P,P,P	CGGCGGCGGAGGCGGCGGCGG	246	329	6
Q9H307	577	587	S,S,S,S,S,S,S,S,S,S,S	AGCAGTAGCAGTAGCAGTTCTAGTAGCAGTTCA	279	717	10
Q9H3D4	437	442	Q,Q,Q,Q,Q,Q	CAACAGCAACAGCAGCAG	435	472	5
Q9H3H3	2	8	A,A,A,A,A,A,A	GGCCGCCGCCGCCGCCGCCGC	1	60	6
Q9H3T3	666	672	G,G,G,G,G,G,G	GCCACCGCCACCGCCTCCGCC	651	679	6
Q9H461	211	216	G,G,G,G,G,G	CCCGCCACCGCCGCCGCC	155	226	5
Q9H4D0	923	929	E,E,E,E,E,E,E	GAAGAGGAGGAGGAGGAGGAA	887	955	6
Q9H4L4	76	85	E,E,E,E,E,E,E,E,E,E	GAAGAGGAGGAAGAAGAGGAGGAGGAGGAG	1	125	9
Q9H4Z2	273	279	A,A,A,A,A,A,A	AGCTGCTGCTGCGGCTGCTGC	274	442	5
Q9H5I5	463	468	E,E,E,E,E,E	CTCTTCCTCTTCCTCCTC	446	478	5
Q9H5I5	642	647	E,E,E,E,E,E	TTCCTCTTCTTCCTCCTC	623	664	5
Q9H6S0	15	21	G,G,G,G,G,G,G	GGCGGTGGCGGAGGCGGCGGC	1	37	6
Q9H6T0	3	11	P,P,P,P,P,P,P,P,P	CGGGGGAGGGGGCGGCGGCGGCGGCGG	1	22	8
Q9H7D0	1817	1822	P,P,P,P,P,P	CCACCTCCACCTCCCCCC	1772	1870	5
Q9H7D0	1850	1855	P,P,P,P,P,P	CCACCCCCTCCACCTCCA	1772	1870	5
Q9H7D7	7	25	G,G,G,G,G,G,G,G,G,G,G,G,G,G,G,G,G,G,G	GCCCCCGCCGCCCCCTCCTCCTCCACCGCCGCCGCCGCCACCTCCTCCTCCTCCTCC	1	70	18
Q9H7N4	208	215	P,P,P,P,P,P,P,P	CCTCCCCCACCCCCACCGCCCCCT	157	349	7
Q9H7N4	606	611	R,R,R,R,R,R	CGGCGACGGCGGCGGCGC	408	1086	5
Q9H7N4	620	625	S,S,S,S,S,S	TCCTCATCGTCGTCCTCG	408	1086	5
Q9H7N4	758	763	S,S,S,S,S,S	TCCTCCTCCTCCTCTTCC	408	1086	5
Q9H7N4	819	825	S,S,S,S,S,S,S	TCTTCATCCTCGTCGTCCTCC	408	1086	6
Q9H7N4	1022	1039	E,E,E,E,E,E,E,E,E,E,E,E,E,E,E,E,E,E	GAGGAGGAGGAGGAGGAAGAAGAAGAGGAGGAGGAAGAGGAAGAGGAGGAGGAG	408	1086	17
Q9H7P9	593	600	E,E,E,E,E,E,E,E	GAAGAGGAGGAGGAGGAAGAGGAA	554	612	7
Q9H7S9	212	217	S,S,S,S,S,S	TCCTCGTCCTCGTCGTCG	96	293	5
Q9H8M2	66	73	K,K,K,K,K,K,K,K	CTTCTTCTTCTTCTTCTTTTTCTT	38	138	7
Q9H8N7	333	341	A,A,A,A,A,A,A,A,A	TGCGGCAGCAGCAGCAGCAGCAGCAGC	335	394	6
Q9H8W4	240	246	D,D,D,D,D,D,D	GATGATGATGACGATGATGAT	221	249	6
Q9H9J4	1234	1241	K,K,K,K,K,K,K,K	AAAAAAAAGAAGAAGAAAAAGAAG	1148	1254	7
Q9HAU5	1069	1074	E,E,E,E,E,E	CTCTTCCTCCTCTTCTTC	1018	1098	5
Q9HAW4	629	637	E,E,E,E,E,E,E,E,E	TTCTTCCTCTTCCTCCTCCTCTTCCTC	618	707	8
Q9HBL0	651	659	Q,Q,Q,Q,Q,Q,Q,Q,Q	CTGCTGCTGCTGCTGCTGCTGCTGCTG	591	671	8
Q9HC10	1305	1310	K,K,K,K,K,K	CTTCTTCTTCTTCTTCTT	1299	1324	5
Q9HC84	4653	4658	T,T,T,T,T,T	ACCACCACCACCACAACT	4541	4750	5
Q9HCG8	426	432	E,E,E,E,E,E,E	CTCTTCCTCTTCTTCTTCCTC	404	443	6
Q9HCH0	296	302	S,S,S,S,S,S,S	AGAAGAGGAGGAGGAGCTGCT	266	316	6
Q9HCI5	9	14	R,R,R,R,R,R	CGCCGCCGCCGCCGCCGC	1	455	5
Q9HCJ0	1215	1222	P,P,P,P,P,P,P,P	CCACCACCGCCACCGCCCCCGCCG	1212	1380	7
Q9HCJ5	19	26	G,G,G,G,G,G,G,G	GGCGGCGGCGGCGGCGGCGGGGGC	1	46	7
Q9HCK8	2081	2094	S,S,S,S,S,S,S,S,S,S,S,S,S,S	GCTGGAGCTGGAGCTGGATGAGGATGAGGAAGAAGAAGAAGA	1991	2116	13
Q9HCS4	5	14	G,G,G,G,G,G,G,G,G,G	GGCGGCGGGGGCGGCGGCGGCGGCGGCGGC	1	101	9
Q9HCU4	2743	2752	E,E,E,E,E,E,E,E,E,E	GAGGAGGAAGAAGAGGAGGAGGAAGAGGAG	2688	2838	9
Q9HD90	55	62	E,E,E,E,E,E,E,E	GAGGAAGAAGAAGAAGAGGAAGAA	1	80	7
Q9NNZ6	51	59	E,E,E,E,E,E,E,E,E	CTCCTCCTCCTCTTCCTCCTCTTCCTC	1	103	8
Q9NP73	919	945	P,P,P,P,P,P,P,P,P,P,P,P,P,P,P,P,P,P,P,P,P,P,P,P,P,P,P	CCACCACCACCACCACCACCACCACCACCACCACCACCACCACCTCCTCCTCCTCCTCCTCCTCCTCCTCCTCCTCCTCCT	911	974	26
Q9NPJ6	262	267	S,S,S,S,S,S	ACTACTACTGCTTGAGGA	226	270	5
Q9NQ66	512	519	D,D,D,D,D,D,D,D	GACGACGACGATGATGATGATGAC	469	534	7
Q9NQ75	421	426	S,S,S,S,S,S	TCCTCCAGCTCTTCCTCG	361	429	5
Q9NQC1	606	611	P,P,P,P,P,P	CCACCACCACCACCACCG	578	777	5
Q9NQC3	34	43	E,E,E,E,E,E,E,E,E,E	CTCCTCTTCCTCCTCCTCTTCTTCCTCCTC	1	220	9
Q9NQC3	143	148	P,P,P,P,P,P	CGGGGGAGGAGGGGGAGG	1	220	5
Q9NQC8	34	41	D,D,D,D,D,D,D,D	ATCATCATCATCATCATCGTCATC	1	68	7
Q9NQL2	17	22	E,E,E,E,E,E	CTCCTCCTCCTCCTCCTC	1	55	5
Q9NQV8	203	209	G,G,G,G,G,G,G	GGGGGCGGCGGCGGCGGTGGC	185	333	6
Q9NQV8	212	217	Q,Q,Q,Q,Q,Q	CAGCAGCAGCAGCAGCAG	185	333	5
Q9NQX0	52	59	P,P,P,P,P,P,P,P	CCGCCGCCGCCGCCCCCGCCCCCG	27	90	7
Q9NQX3	213	218	E,E,E,E,E,E	GAGGAAGAGGAAGAAGAG	181	232	5
Q9NQZ2	76	81	E,E,E,E,E,E	GAGGAGGAGGAGGAGGAG	62	166	5
Q9NQZ2	100	105	E,E,E,E,E,E	GAGGAGGAGGAGGAGGAG	62	166	5
Q9NR33	2	7	A,A,A,A,A,A	GCGGCGGCGGCGGCGGCA	1	36	5
Q9NRD5	382	388	E,E,E,E,E,E,E	GAGGAGGAGGAGGAGGAGGAA	376	415	6
Q9NRF2	19	24	P,P,P,P,P,P	CCCCCACCCCCGCCCCCT	1	27	5
Q9NRF2	667	674	A,A,A,A,A,A,A,A	GCGGCAGCAGCAGCCGCAGCAGCC	626	688	7
Q9NRL3	47	52	G,G,G,G,G,G	GCCTCCGCCGCCGCCTCC	10	65	5
Q9NRR4	401	406	E,E,E,E,E,E	TTCTTCTTCTTCCTCCTC	130	406	5
Q9NS37	191	197	G,G,G,G,G,G,G	GCCGCCACCGCCGCCTCCTCC	173	214	6
Q9NS37	213	218	A,A,A,A,A,A	GGCAGCGGCCGCCGCCGC	173	214	1
Q9NS39	24	29	R,R,R,R,R,R	CCTCCGCCTCCTCCTCCT	1	36	5
Q9NSC2	150	159	S,S,S,S,S,S,S,S,S,S	GCTGCTGCTGCTGCTGCTGCTGCTGCTGCT	132	172	9
Q9NSV4	588	598	P,P,P,P,P,P,P,P,P,P,P	TGGAGGAGGTGGTGGGGGAGGAGGTGGAGGCGG	558	622	10
Q9NSY1	460	486	Q,Q,Q,Q,Q,Q,Q,Q,Q,Q,Q,Q,Q,Q,Q,Q,Q,Q,Q,Q,Q,Q,Q,Q,Q,Q,Q	CAGCAGCAGCAGCAGCAGCAGCAGCAACAGCAACAGCAGCAGCAGCAACAGCAACAGCAGCAGCAGCAGCAGCAGCAGCAG	453	495	26
Q9NSY1	487	494	H,H,H,H,H,H,H,H	CACCACCACCACCACCACCACCAC	453	495	7
Q9NTI5	1325	1331	E,E,E,E,E,E,E	GAGGAGGAGGAAGAAGAAGAA	1117	1447	6
Q9NTN9	765	774	P,P,P,P,P,P,P,P,P,P	CCACCACCCCCACCGCCCCCACCGCCACCG	723	777	9
Q9NUC0	223	232	S,S,S,S,S,S,S,S,S,S	TCTTCTTCCTCCTCATCTTCCTCTTCCTCT	215	238	9
Q9NUG4	217	222	G,G,G,G,G,G	GGGGGAGGCGGCGGCGGC	212	295	5
Q9NUG4	252	259	G,G,G,G,G,G,G,G	GGAGGCGGCGGCGGCGGCGGCGGC	212	295	7
Q9NUL5	274	281	E,E,E,E,E,E,E,E	GAGGAGGAGGAGGAAGAGGAGGAG	270	291	7
Q9NVP1	108	114	K,K,K,K,K,K,K	AAAAAGAAAAAGAAGAAAAAG	31	169	6
Q9NW13	234	241	D,D,D,D,D,D,D,D	ATCATCATCATCGTCATCATCATC	201	330	7
Q9NWV8	11	18	E,E,E,E,E,E,E,E	GAAGAGGAGGAGGAGGAAGAGGAG	1	84	7
Q9NX05	106	111	P,P,P,P,P,P	AGGGGGCGGCGGCGGCGG	35	113	5
Q9NXD2	200	207	G,G,G,G,G,G,G,G	ACCTCCTCCTCCTCCTCCTCCTCC	196	217	7
Q9NXR8	313	321	S,S,S,S,S,S,S,S,S	TCATCATCTTCCTCCTCCTCTTCTTCC	286	325	8
Q9NY12	31	39	G,G,G,G,G,G,G,G,G	GGTGGAGGCGGCGGTGGAGGCGGCGGC	1	65	8
Q9NY43	120	125	P,P,P,P,P,P	GGGGGGCGGCGGCGGCGG	1	240	5
Q9NYB0	297	304	E,E,E,E,E,E,E,E	GAGGAGGAAGAAGAAGAAGAAGAA	264	311	7
Q9NYV4	407	413	A,A,A,A,A,A,A	GCAGCTGCTGCTGCTGCAGCA	1	703	6
Q9NYV4	1272	1280	P,P,P,P,P,P,P,P,P	CCTCCACCGCCGCCACCTCCACCCCCT	1220	1348	8
Q9NYY3	57	62	H,H,H,H,H,H	ATGGTGGTGATGGTGGTG	21	70	5
Q9NZ53	162	172	E,E,E,E,E,E,E,E,E,E,E	GAGGAGGAAGAAGAGGAAGAGGAAGAGGAGGAG	129	347	10
Q9NZ53	182	188	E,E,E,E,E,E,E	GAGGAGGAGGAAGAGGAGGAG	129	347	6
Q9NZ56	51	59	G,G,G,G,G,G,G,G,G	GGGGGAGGGGGCGGCGGCGGCGGCGGG	1	104	8
Q9NZ56	877	882	P,P,P,P,P,P	CCTCCCCCACCTCCCCCT	797	1252	5
Q9NZ81	136	145	S,S,S,S,S,S,S,S,S,S	TCCTCCTCTTCCTCCTCCTCTTCCAGCAGT	1	148	9
Q9NZL4	25	30	G,G,G,G,G,G	GCCGCCGCCGCCGCCCCC	1	71	5
Q9NZM4	88	93	G,G,G,G,G,G	GGGGGCGGCGGCGGGGGC	53	99	5
Q9NZM4	935	940	P,P,P,P,P,P	CCCCCCCCACCGCCTCCT	723	949	5
Q9NZU7	74	79	A,A,A,A,A,A	GCGGCGGCGGCGGCGGCG	1	198	5
Q9P0U4	156	161	Q,Q,Q,Q,Q,Q	CTGCTGCTGCTGCTGCTG	84	162	5
Q9P0X4	608	613	E,E,E,E,E,E	GAGGAGGAGGAGGAGGAG	555	616	5
Q9P0X4	2138	2143	P,P,P,P,P,P	CCGCCGCCCCCGCCGCCA	2076	2223	5
Q9P1Z9	774	780	E,E,E,E,E,E,E	GAGGAAGAGGAGGAGGAGGAG	657	808	6
Q9P206	711	716	P,P,P,P,P,P	CCCCCTCCCCCACCCCCT	332	869	5
Q9P215	14	20	E,E,E,E,E,E,E	GAAGAGGAAGAGGAAGAAGAG	1	28	6
Q9P265	227	234	S,S,S,S,S,S,S,S	TCTTCCTCCTCATCATCTTCCTCA	217	246	7
Q9P266	848	859	S,S,S,S,S,S,S,S,S,S,S,S	ACTGCTGCTGCTGCTGCTGCTGCTGCTACTGCTGCT	840	1076	11
Q9P267	336	342	P,P,P,P,P,P,P	CCACCTCCCCCTCCTCCACCT	329	350	6
Q9P275	955	960	K,K,K,K,K,K	TTTTTTCTTTTTCTTTTT	589	999	5
Q9P2D1	597	602	K,K,K,K,K,K	AAGAAGAAGAAAAAGAAA	498	816	5
Q9P2E7	206	211	G,G,G,G,G,G	GGAGGAGGTGGGGGAGGA	207	228	4
Q9P2E7	215	221	G,G,G,G,G,G,G	GGAGGGGGAGGTGGCGGGGGA	207	228	6
Q9P2N5	324	329	P,P,P,P,P,P	CCTCCTCCACCACCTCCT	319	412	5
Q9UBC0	455	460	S,S,S,S,S,S	GCTTGATGAAGAAGATGA	442	465	5
Q9UBE8	27	34	H,H,H,H,H,H,H,H	CACCACCACCACCATCACCACCAC	22	72	7
Q9UBE8	71	83	A,A,A,A,A,A,A,A,A,A,A,A,A	GCAGCTGCGGCAGCCGCAGCAGCGGCTGCAGCTGCAGCC	22	72	1
Q9UBU6	59	64	A,A,A,A,A,A	GCGGCTGCCGCCGCAGCC	1	105	5
Q9UBW8	225	230	A,A,A,A,A,A	GCAGCAGCAGCCGCAGCC	227	275	3
Q9UD57	242	248	G,G,G,G,G,G,G	GCCGCCGCCGCCGCCGCCCCC	217	260	6
Q9UEE9	71	76	E,E,E,E,E,E	CTCCTCTTCCTCTTCTTC	1	156	5
Q9UF56	221	231	G,G,G,G,G,G,G,G,G,G,G	CCCTCCCCCGCCACCGCCGCCGCCGCCGCCGCC	227	300	4
Q9UFB7	284	294	E,E,E,E,E,E,E,E,E,E,E	GAGGAGGAGGAGGAGGAAGAAGAGGAAGAGGAA	243	424	10
Q9UFB7	326	335	E,E,E,E,E,E,E,E,E,E	GAAGAGGAAGAGGAGGAGGAAGAGGAGGAA	243	424	9
Q9UFD9	333	338	P,P,P,P,P,P	CGGTGGTGGTGGCGGCGG	295	364	5
Q9UGP8	750	757	E,E,E,E,E,E,E,E	TTCTTCTTCCTCCTCTTCTTCCTC	718	760	7
Q9UGU0	62	68	A,A,A,A,A,A,A	CGCTGCCGCAGCAGCTGCTGC	1	287	6
Q9UGU0	174	179	Q,Q,Q,Q,Q,Q	TTGCTGCTGCTGCTGCTG	1	287	5
Q9UGU0	1556	1561	P,P,P,P,P,P	AGGGGGTGGAGGCGGTGG	1384	1607	5
Q9UH36	2	8	A,A,A,A,A,A,A	GCTGCGGCCGCAGCTGCGGCG	1	54	6
Q9UHC7	42	47	G,G,G,G,G,G	GCCGCCGCCCCCTCCGCC	26	52	5
Q9UHK0	44	49	P,P,P,P,P,P	TGGTGGTGGCGGTGGCGG	1	108	5
Q9UHL9	912	923	S,S,S,S,S,S,S,S,S,S,S,S	TCCTCTTCCTCCTCGTCTTCCTCTTCCTCGTCCTCT	892	927	11
Q9UI08	199	204	P,P,P,P,P,P	CCACCTCCCCCACCCCCA	141	369	5
Q9UI08	261	266	G,G,G,G,G,G	GGGGGTGGCGGAGGAGGC	141	369	5
Q9UI36	63	68	A,A,A,A,A,A	GGCCGCCGCCGCCGCCGC	1	105	5
Q9UI36	92	101	G,G,G,G,G,G,G,G,G,G	GCCACCGCCGCCGCCGCCACCGCCGCCTCC	1	105	9
Q9UI36	140	163	S,S,S,S,S,S,S,S,S,S,S,S,S,S,S,S,S,S,S,S,S,S,S,S	GCTGCTGCTGCTACTGCTGCTGCTGCTACTACTGCTGCTGCTGCTGCTGCTGCTACTGCTGCTGCTGCTGCT	134	185	23
Q9UID3	2	7	A,A,A,A,A,A	GCGGCGGCAGCTGCCGCC	1	37	5
Q9UIF8	1300	1306	D,D,D,D,D,D,D	GTCATCGTCATCATCATCGTC	1265	1341	6
Q9UIG0	1261	1273	E,E,E,E,E,E,E,E,E,E,E,E,E	TTCTTCCTCCTCCTCCTCTTCTTCCTCCTCCTCCTCTTC	1236	1326	12
Q9UJU2	6	13	G,G,G,G,G,G,G,G	CCCCCCGCCGCCGCCACCTCCTCC	1	104	7
Q9UK22	40	45	A,A,A,A,A,A	CGCGGCGGCGGCCGCCGC	1	41	1
Q9UK58	29	37	T,T,T,T,T,T,T,T,T	CGTCGTGGTCGTCGTCGTGGTCGTCGT	1	36	7
Q9UK59	537	542	D,D,D,D,D,D	ATCGTCATCATCATCATC	476	544	5
Q9UK99	424	433	E,E,E,E,E,E,E,E,E,E	TTCCTCCTCTTCCTCCTCCTCCTCTTCTTC	419	455	9
Q9UKB5	132	139	S,S,S,S,S,S,S,S	TCTTCGTCCTCGTCCTCGTCCTCC	88	197	7
Q9UKE5	327	332	E,E,E,E,E,E	CTCCTCCTCTTCTTCCTC	284	347	5
Q9UKE5	729	734	S,S,S,S,S,S	GCTGGAGCTGGAGGAACT	601	801	5
Q9UKJ3	838	843	E,E,E,E,E,E	TTCCTCTTCTTCTTCCTC	579	1301	5
Q9UKP3	337	343	E,E,E,E,E,E,E	GAGGAGGAGGAAGAGGAGGAA	319	347	6
Q9UKV3	270	281	E,E,E,E,E,E,E,E,E,E,E,E	TTCTTCCTCCTCCTCCTCCTCCTCTTCTTCCTCCTC	159	460	11
Q9UKV3	936	941	E,E,E,E,E,E	CTCTTCTTCCTCTTCTTC	892	953	5
Q9UKV3	1119	1124	P,P,P,P,P,P	CGGGGGTGGGGGTGGGGG	1098	1341	5
Q9UKY7	127	133	G,G,G,G,G,G,G	GGTGGAGGTGGTGGTGGAGGT	1	234	6
Q9UKZ4	194	200	P,P,P,P,P,P,P	AGGAGGCGGAGGTGGCGGTGG	174	241	6
Q9UL42	333	338	E,E,E,E,E,E	CTCTTCCTCCTCTTCTTC	335	364	3
Q9UL51	22	28	P,P,P,P,P,P,P	CCGCCGCCGCCGCCGCCGCCC	1	159	6
Q9UL54	378	392	E,E,E,E,E,E,E,E,E,E,E,E,E,E,E	GAGGAAGAGGAGGAGGAGGAGGAGGAAGAGGAGGAGGAGGAAGAA	318	457	14
Q9UL54	900	907	E,E,E,E,E,E,E,E	GAGGAGGAGGAAGAAGAGGAAGAG	891	939	7
Q9UL68	152	167	E,E,E,E,E,E,E,E,E,E,E,E,E,E,E,E	TTCTTCTTCCTCTTCCTCCTCCTCCTCCTCCTCCTCTTCCTCTTCTTC	56	175	15
Q9ULD9	285	290	E,E,E,E,E,E	CTCCTCCTCCTCCTCTTC	260	295	5
Q9ULH1	827	832	P,P,P,P,P,P	GGGTGGTGGGGGAGGAGG	776	1062	5
Q9ULH4	621	626	S,S,S,S,S,S	GGAGCTGGAGGAAGAGGA	619	654	5
Q9ULI3	659	672	S,S,S,S,S,S,S,S,S,S,S,S,S,S	TGAAGAAGAAGAAGAGGAGGAGGAGGAAGAGGAGGAGGAGGA	612	680	13
Q9ULL5	253	258	A,A,A,A,A,A	GCTGCCGCCGCCGCTGCC	210	283	5
Q9ULL5	764	769	P,P,P,P,P,P	CCTCCGCCCCCACCTCCC	758	850	5
Q9ULL5	835	845	P,P,P,P,P,P,P,P,P,P,P	CCACCTCCACCGCCACCCCCGCCTCCACCACCC	758	850	10
Q9ULL5	1039	1049	P,P,P,P,P,P,P,P,P,P,P	CCACCACCCCCGCCTCCGCCACCGCCGCCTCCC	952	1068	10
Q9ULL5	1512	1518	P,P,P,P,P,P,P	CCTCCACCACCACCCCCACCA	1376	1573	6
Q9ULR0	203	211	E,E,E,E,E,E,E,E,E	CTCTTCCTCCTCTTCCTCCTCCTCTTC	194	244	8
Q9ULW6	213	221	E,E,E,E,E,E,E,E,E	CTCCTCCTCCTCCTCCTCCTCCTCTTC	214	238	7
Q9ULX3	185	191	E,E,E,E,E,E,E	TTCTTCCTCCTCCTCCTCCTC	180	208	6
Q9ULX6	602	608	P,P,P,P,P,P,P	TGGGGGCGGCGGCGGTGGCGG	545	646	6
Q9UM47	8	13	R,R,R,R,R,R	GCGACGGCGGCGGCGGCG	1	26	5
Q9UM47	17	23	P,P,P,P,P,P,P	GGGTGGCGGTGGCGGTGGCGG	1	26	6
Q9UN72	910	917	K,K,K,K,K,K,K,K	AAGAAAAAGAAGAAAAAGAAGAAG	814	937	7
Q9UN73	923	930	K,K,K,K,K,K,K,K	AAGAAAAAGAAGAAAAAGAAGAAG	830	950	7
Q9UN74	920	927	K,K,K,K,K,K,K,K	AAGAAAAAGAAGAAAAAGAAGAAG	868	947	7
Q9UN75	914	921	K,K,K,K,K,K,K,K	AAGAAAAAGAAGAAAAAGAAGAAG	818	941	7
Q9UNS1	666	678	E,E,E,E,E,E,E,E,E,E,E,E,E	CTCCTCCTCTTCCTCCTCCTCCTCCTCTTCTTCTTCCTC	655	679	12
Q9UPN9	44	49	E,E,E,E,E,E	TTCCTCCTCCTCCTCCTC	1	118	5
Q9UPN9	545	550	T,T,T,T,T,T	TGTTGTTGTTGTTGTAGT	536	563	5
Q9UPP2	572	579	E,E,E,E,E,E,E,E	GAGGAGGAAGAGGAGGAGGAGGAG	521	616	7
Q9UPP2	1150	1155	P,P,P,P,P,P	CCCCCGCCCCCACCCCCC	1121	1182	5
Q9UPQ9	843	848	P,P,P,P,P,P	CCACCCCCACCACCTCCA	367	1046	5
Q9UPQ9	1321	1328	Q,Q,Q,Q,Q,Q,Q,Q	CAGCAGCAGCAGCAGCAGCAGCAG	1316	1346	7
Q9UPR0	35	40	G,G,G,G,G,G	GGCGGTGGCGGGGGAGGT	1	128	5
Q9UPS6	691	699	P,P,P,P,P,P,P,P,P	CCCCCCCCACCACCACCACCCCCACCG	675	719	8
Q9UPS6	710	718	P,P,P,P,P,P,P,P,P	CCCCCACCGCCGCCCCCACCCCCTCCA	675	719	8
Q9UPS6	1105	1110	D,D,D,D,D,D	GATGACGACGATGACGAC	963	1462	5
Q9UPS6	1185	1194	E,E,E,E,E,E,E,E,E,E	GAAGAGGAGGAAGAAGAGGAGGAGGAGGAG	963	1462	9
Q9UPS6	1590	1598	P,P,P,P,P,P,P,P,P	CCACCCCCACCCCCACCTCCCCCACCT	1555	1606	8
Q9UPS8	574	579	D,D,D,D,D,D	ATCATCATCATCATCATC	503	630	5
Q9UPT8	541	552	P,P,P,P,P,P,P,P,P,P,P,P	GGGCGGTGGGGGAGGGGGAGGGGGCGGGGGCGGGGG	486	571	11
Q9UPU5	1050	1056	S,S,S,S,S,S,S	ACTGCTGCTGCTGCTGGAGCT	1034	1054	4
Q9UPV0	110	116	K,K,K,K,K,K,K	AAGAAGAAGAAAAAAAAAAAG	107	135	6
Q9UPW6	601	606	P,P,P,P,P,P	CGGAGGAGGTGGGGGAGG	580	617	5
Q9UPY6	304	310	P,P,P,P,P,P,P	CCGCCCCCCCCGCCTCCCCCT	223	443	6
Q9UPY6	343	350	P,P,P,P,P,P,P,P	CCACCTCCTCCGCCACCTCCTCCT	223	443	7
Q9UQ35	188	194	K,K,K,K,K,K,K	AAGAAGAAGAAAAAGAAGAAA	141	2132	6
Q9UQ80	368	373	K,K,K,K,K,K	AAAAAGAAAAAAAAGAAG	358	394	5
Q9UQB3	220	226	P,P,P,P,P,P,P	CGGCGGCGGCGGCGGCGGCGG	134	242	6
Q9UQL6	47	52	G,G,G,G,G,G	GCCTCCACCCCCACCCCC	41	60	5
Q9Y240	84	89	E,E,E,E,E,E	GAGGAAGAGGAGGAGGAA	55	106	5
Q9Y2D5	285	290	Q,Q,Q,Q,Q,Q	CAGCAGCAGCAGCAGCAG	252	313	5
Q9Y2D9	104	109	E,E,E,E,E,E	TTCTTCCTCTTCCTCCTC	71	113	5
Q9Y2G1	188	196	P,P,P,P,P,P,P,P,P	CCCCCGCCACCCCCACCACCCCCACCT	170	200	8
Q9Y2I1	641	647	E,E,E,E,E,E,E	GAGGAGGAGGAAGAAGAGGAG	628	687	6
Q9Y2I1	672	679	E,E,E,E,E,E,E,E	GAGGAAGAGGAGGAGGAAGAGGAG	628	687	7
Q9Y2J0	376	381	E,E,E,E,E,E	GAGGAGGAGGAAGAGGAA	166	388	5
Q9Y2K5	404	413	Q,Q,Q,Q,Q,Q,Q,Q,Q,Q	TTGCTGCTGCTGCTGCTGCTGTTGCTGCTG	401	457	9
Q9Y2K7	856	866	E,E,E,E,E,E,E,E,E,E,E	GAGGAGGAGGAAGAGGAGGAGGAGGAGGAGGAA	839	887	10
Q9Y2L9	27	33	H,H,H,H,H,H,H	CACCACCACCACCACCACCAT	24	57	6
Q9Y2L9	46	51	G,G,G,G,G,G	GGTGGTGGCGGCGGTGGC	24	57	5
Q9Y2T1	469	474	H,H,H,H,H,H	ATGGTGGTGGTGGTGGTG	447	494	5
Q9Y2U8	82	87	A,A,A,A,A,A	GCGGCGGCGGCGGCCGCG	43	89	5
Q9Y2V3	276	282	P,P,P,P,P,P,P	GGGCGGAGGCGGCGGCGGTGG	194	318	6
Q9Y2X3	469	474	E,E,E,E,E,E	GAAGAAGAGGAAGAAGAA	409	529	5
Q9Y2X3	517	524	K,K,K,K,K,K,K,K	AAAAAGAAGAAAAAGAAAAAAAAG	409	529	7
Q9Y2X9	141	148	H,H,H,H,H,H,H,H	GTGGTGGTGGTGATGGTGGTGGTG	130	149	7
Q9Y3E7	203	208	E,E,E,E,E,E	CTCTTCCTCCTCCTCCTC	180	222	5
Q9Y467	160	170	P,P,P,P,P,P,P,P,P,P,P	TGGGGGCGGAGGGGGTGGTGGAGGAGGAGGGGG	59	177	10
Q9Y467	838	843	P,P,P,P,P,P	AGGTGGTGGTGGTGGTGG	714	886	5
Q9Y4A5	506	515	P,P,P,P,P,P,P,P,P,P	CCACCTCCACCCCCGCCCCCACCCCCACCT	491	541	9
Q9Y4B4	23	30	E,E,E,E,E,E,E,E	GAAGAGGAGGAGGAGGAGGAGGAG	1	150	7
Q9Y4C8	714	725	E,E,E,E,E,E,E,E,E,E,E,E	CTCTTCTTCTTCTTCCTCTTCCTCCTCCTCCTCTTC	667	729	11
Q9Y4D2	883	888	G,G,G,G,G,G	GGCGGTGGGGGTGGCGGG	846	903	5
Q9Y4H2	21	28	N,N,N,N,N,N,N,N	GTTGTTGTTGTTGTTGTTGTTGTT	1	31	7
Q9Y4H2	1031	1036	P,P,P,P,P,P	CGGCGGCGGTGGCGGCGG	840	1101	5
Q9Y4W6	109	116	G,G,G,G,G,G,G,G	TCCACCGCCACCACCTCCTCCTCC	76	126	7
Q9Y4X4	116	121	S,S,S,S,S,S	ACTAGAAGACGATGAAGA	79	125	5
Q9Y4X5	77	90	G,G,G,G,G,G,G,G,G,G,G,G,G,G	GGCGGTGGCGGCGGCGGCGGCGGCGGCGGTGGTGGTGGCGGG	1	95	13
Q9Y520	1059	1065	P,P,P,P,P,P,P	CCTCCTCCCCCACCACCACCT	804	1118	6
Q9Y566	1189	1195	G,G,G,G,G,G,G	GCCGCCGCCGCCGCCGCCTCC	909	1229	6
Q9Y5B0	577	582	E,E,E,E,E,E	GAGGAGGAGGAGGAGGAG	328	589	5
Q9Y5H5	923	930	K,K,K,K,K,K,K,K	AAGAAAAAGAAGAAAAAGAAGAAG	871	950	7
Q9Y5H6	923	930	K,K,K,K,K,K,K,K	AAGAAAAAGAAGAAAAAGAAGAAG	830	950	7
Q9Y5H7	909	916	K,K,K,K,K,K,K,K	AAGAAAAAGAAGAAAAAGAAGAAG	816	936	7
Q9Y5H8	923	930	K,K,K,K,K,K,K,K	AAGAAAAAGAAGAAAAAGAAGAAG	869	950	7
Q9Y5H9	921	928	K,K,K,K,K,K,K,K	AAGAAAAAGAAGAAAAAGAAGAAG	868	948	7
Q9Y5I0	923	930	K,K,K,K,K,K,K,K	AAGAAAAAGAAGAAAAAGAAGAAG	829	950	7
Q9Y5I1	922	929	K,K,K,K,K,K,K,K	AAGAAAAAGAAGAAAAAGAAGAAG	826	949	7
Q9Y5I2	921	928	K,K,K,K,K,K,K,K	AAGAAAAAGAAGAAAAAGAAGAAG	827	948	7
Q9Y5I3	923	930	K,K,K,K,K,K,K,K	AAGAAAAAGAAGAAAAAGAAGAAG	900	950	7
Q9Y5I4	980	987	K,K,K,K,K,K,K,K	AAGAAAAAGAAGAAAAAGAAGAAG	885	1007	7
Q9Y5N1	292	298	G,G,G,G,G,G,G	GCCGCCCCCACCGCCACCCCC	288	336	6
Q9Y5Q3	131	138	H,H,H,H,H,H,H,H	GTGGTGGTGATGGTGGTGGTGGTG	116	210	7
Q9Y5Q3	162	167	H,H,H,H,H,H	GTGATGATGGTGATGGTG	116	210	5
Q9Y5Q8	491	499	E,E,E,E,E,E,E,E,E	GAGGAGGAGGAGGAAGAGGAGGAGGAG	465	519	8
Q9Y5Q9	97	111	E,E,E,E,E,E,E,E,E,E,E,E,E,E,E	TTCTTCCTCCTCCTCCTCCTCCTCCTCTTCTTCCTCTTCCTCCTC	1	121	14
Q9Y5R2	13	20	P,P,P,P,P,P,P,P	CCGCCGCCGCCGCCGCCGCCGCCG	1	26	7
Q9Y5W3	64	71	P,P,P,P,P,P,P,P	CCGCCGCCGCCGCCCCCGCCGCCT	55	90	7
Q9Y661	7	16	P,P,P,P,P,P,P,P,P,P	CCTCCTCCGCCTCCGCCTCCGCCTCCACCT	1	31	9
Q9Y662	22	28	P,P,P,P,P,P,P	CCGCCGCCGCCCCCGCCGCCG	1	25	3
Q9Y6Q9	1248	1276	Q,Q,Q,Q,Q,Q,Q,Q,Q,Q,Q,Q,Q,Q,Q,Q,Q,Q,Q,Q,Q,Q,Q,Q,Q,Q,Q,Q,Q	CAGCAGCAGCAGCAGCAGCAACAGCAGCAGCAGCAGCAGCAGCAGCAGCAACAGCAACAGCAACAGCAACAGCAGCAACAGCAGCAA	1273	1321	3
Q9Y6R0	427	446	Q,Q,Q,Q,Q,Q,Q,Q,Q,Q,Q,Q,Q,Q,Q,Q,Q,Q,Q,Q	TTGCTGCTGTTGCTGCTGCTGCTGCTGCTGCTGTTGCTGTTGCTGCTGCTGCTGCTGCTG	434	464	12
Q9Y6R4	25	36	P,P,P,P,P,P,P,P,P,P,P,P	CCGCCGCCACCGCCGCCGCCGCCACCACCGCCACCG	1	136	11
Q9Y6U7	12	20	P,P,P,P,P,P,P,P,P	CGGAGGCGGCGGCGGAGGCGGCGGCGG	1	22	8
Q9Y6V0	17	22	A,A,A,A,A,A	AGCCGCTGCGGCCGCCGC	1	154	5
Q9Y6W5	333	338	P,P,P,P,P,P	AGGCGGTGGTGGAGGTGG	240	435	5
Q9Y6W5	364	371	P,P,P,P,P,P,P,P	TGGTGGTGGAGGAGGAGGTGGAGG	240	435	7
Q9Y6W5	391	400	P,P,P,P,P,P,P,P,P,P	CGGAGGAGGAGGAGGAGGGGGAGGAGGAGG	240	435	9
