uniprot	slim_start	slim_end	slim_accession	slim_ELMType	slim_ELMIdentifier	idr_start	idr_end	overlap
A5D8V6	202	209	ELMI002658	LIG	LIG_EF_ALG2_ABM_1	159	355	7
O00192	960	962	ELMI003528	LIG	LIG_PDZ_Wminus1_1	854	962	2
O00221	156	161	ELMI001305	DEG	DEG_SCF_TRCP1_1	84	241	5
O00418	356	363	ELMI003210	MOD	MOD_CDK_SPxxK_3	352	405	7
O00444	339	345	ELMI003385	MOD	MOD_Plk_4	323	458	6
O00499	415	420	ELMI000452	LIG	LIG_Clathr_ClatBox_2	400	488	5
O00562	348	355	ELMI003557	TRG	TRG_ER_FFAT_1	339	358	7
O00571	38	44	ELMI002103	LIG	LIG_eIF4E_2	19	144	6
O00716	131	141	ELMI000077	DOC	DOC_CYCLIN_RxL_1	88	179	10
O14576	124	133	ELMI002940	LIG	LIG_KLC1_WD_1	96	125	1
O14672	723	725	ELMI002078	TRG	TRG_ER_diArg_1	704	748	2
O14686	4415	4421	ELMI001235	LIG	LIG_KEPE_1	4410	4452	6
O14757	314	320	ELMI000970	MOD	MOD_PIKK_1	270	327	6
O14828	63	68	ELMI001334	LIG	LIG_PTAP_UEV_1	1	88	5
O14964	347	352	ELMI001341	LIG	LIG_PTAP_UEV_1	338	407	5
O15040	1407	1411	ELMI004446	LIG	LIG_LIR_Gen_1	1388	1411	4
O15047	1493	1499	ELMI002649	LIG	LIG_WD40_WDR5_WIN_1	1472	1499	6
O15117	616	620	ELMI001684	LIG	LIG_EVH1_1	598	677	4
O15169	21	28	ELMI002058	DOC	DOC_ANK_TNKS_1	1	79	7
O15169	238	244	ELMI003174	DOC	DOC_PP2A_B56_1	215	289	6
O15234	145	152	ELMI002059	DOC	DOC_ANK_TNKS_1	1	462	7
O15350	327	349	ELMI001391	TRG	TRG_NLS_Bipartite_1	314	345	18
O15523	38	44	ELMI002284	LIG	LIG_eIF4E_2	1	121	6
O15525	13	19	ELMI001233	LIG	LIG_KEPE_1	1	24	6
O15527	333	339	ELMI002593	TRG	TRG_NLS_MonoExtN_4	324	345	6
O43149	1	7	ELMI002311	MOD	MOD_NMyristoyl	1	41	6
O43187	524	532	ELMI000033	LIG	LIG_TRAF6_MATH_1	510	543	8
O43236	104	108	ELMI003653	MOD	MOD_DYRK1A_RPxSP_1	1	115	4
O43312	728	744	ELMI001652	LIG	LIG_Actin_WH2_2	563	755	16
O43426	1393	1397	ELMI002578	LIG	LIG_EH_1	1370	1463	4
O43426	1403	1407	ELMI002579	LIG	LIG_EH_1	1370	1463	4
O43426	1414	1418	ELMI002580	LIG	LIG_EH_1	1370	1463	4
O43426	1555	1557	ELMI002577	LIG	LIG_AP2alpha_2	1535	1573	2
O43516	33	49	ELMI001659	LIG	LIG_Actin_WH2_1	1	503	16
O43516	451	461	ELMI002695	LIG	LIG_WH1	1	503	10
O43516	454	466	ELMI001705	LIG	LIG_EVH1_3	1	503	12
O43524	29	34	ELMI002987	LIG	LIG_14-3-3_CanoR_1	1	154	5
O43524	250	255	ELMI003024	LIG	LIG_14-3-3_CanoR_1	231	302	5
O43815	301	308	ELMI002046	DOC	DOC_ANK_TNKS_1	289	310	7
O43896	1089	1094	ELMI003003	LIG	LIG_14-3-3_CanoR_1	950	1103	5
O60237	19	26	ELMI002742	DOC	DOC_PP1_MyPhoNE_1	1	50	7
O60238	35	41	ELMI004451	LIG	LIG_LIR_Gen_1	1	101	6
O60239	343	349	ELMI003061	DOC	DOC_MAPK_JIP1_4	306	345	2
O60315	785	789	ELMI000260	LIG	LIG_CtBP_PxDLS_1	771	810	4
O60336	1293	1301	ELMI003092	DOC	DOC_MAPK_NFAT4_5	1299	1336	2
O60341	128	134	ELMI003841	MOD	MOD_CK2_1	1	176	6
O60341	134	140	ELMI003842	MOD	MOD_CK2_1	1	176	6
O60516	96	100	ELMI001213	DOC	DOC_WD40_RPTOR_TOS_1	81	100	4
O60583	501	509	ELMI003287	DOC	DOC_MAPK_MEF2A_6	497	652	8
O60716	942	956	ELMI000915	TRG	TRG_NES_CRM1_1	855	944	2
O60934	340	346	ELMI000951	MOD	MOD_PIKK_1	326	346	6
O60942	585	588	ELMI003942	DOC	DOC_PP4_MxPP_1	570	597	3
O75074	764	770	ELMI000511	TRG	TRG_LysEnd_GGAAcLL_1	635	770	6
O75122	492	502	ELMI001287	LIG	LIG_SxIP_EBH_1	488	557	10
O75122	515	525	ELMI001288	LIG	LIG_SxIP_EBH_1	488	557	10
O75367	171	175	ELMI002868	DEG	DEG_SPOP_SBC_1	128	180	4
O75376	1033	1037	ELMI002476	LIG	LIG_MYND_2	1022	1046	4
O75385	356	365	ELMI004481	LIG	LIG_LIR_Gen_1	283	358	2
O75533	195	201	ELMI000946	LIG	LIG_ULM_U2AF65_1	173	360	6
O75533	289	294	ELMI000947	LIG	LIG_ULM_U2AF65_1	173	360	5
O75533	333	339	ELMI000948	LIG	LIG_ULM_U2AF65_1	173	360	6
O75553	516	521	ELMI004376	LIG	LIG_SH3_CIN85_PxpxPR_1	502	588	5
O75581	1569	1574	ELMI002904	LIG	LIG_GSK3_LRP6_1	1556	1613	5
O75581	1587	1592	ELMI002905	LIG	LIG_GSK3_LRP6_1	1556	1613	5
O75581	1604	1609	ELMI002906	LIG	LIG_GSK3_LRP6_1	1556	1613	5
O75582	730	744	ELMI002944	DOC	DOC_MAPK_RevD_3	741	802	3
O75674	178	183	ELMI001335	LIG	LIG_PTAP_UEV_1	155	179	1
O75674	309	314	ELMI001333	LIG	LIG_PTAP_UEV_1	298	327	5
O75676	717	731	ELMI002945	DOC	DOC_MAPK_RevD_3	728	772	3
O75695	1	7	ELMI002312	MOD	MOD_NMyristoyl	1	31	6
O75821	213	219	ELMI002286	LIG	LIG_eIF4E_2	209	234	6
O76024	27	32	ELMI000574	MOD	MOD_N-GLC_1	1	86	5
O76039	717	721	ELMI003669	MOD	MOD_DYRK1A_RPxSP_1	646	834	4
O94850	143	148	ELMI004377	LIG	LIG_SH3_CIN85_PxpxPR_1	49	273	5
O94979	839	843	ELMI002660	LIG	LIG_EF_ALG2_ABM_2	791	908	4
O94979	870	879	ELMI002659	LIG	LIG_EF_ALG2_ABM_1	791	908	9
O94985	972	979	ELMI002927	LIG	LIG_KLC1_WD_1	915	981	7
O95081	458	462	ELMI001127	LIG	LIG_EH_1	431	481	4
O95081	477	481	ELMI001128	LIG	LIG_EH_1	431	481	4
O95149	2	17	ELMI001255	TRG	TRG_NES_CRM1_1	1	42	15
O95644	238	245	ELMI002145	MOD	MOD_GSK3_1	200	298	7
O95644	242	248	ELMI002150	MOD	MOD_PKA_2	200	298	6
O95644	258	262	ELMI003662	MOD	MOD_DYRK1A_RPxSP_1	200	298	4
O95644	266	272	ELMI002148	MOD	MOD_PKA_1	200	298	6
O95644	287	294	ELMI002146	MOD	MOD_GSK3_1	200	298	7
O95644	291	297	ELMI002151	MOD	MOD_PKA_2	200	298	6
O95772	205	214	ELMI003518	TRG	TRG_ER_FFAT_2	200	234	9
O95863	1	10	ELMI004057	LIG	LIG_LSD1_SNAG_1	1	27	9
O95863	93	100	ELMI002144	MOD	MOD_GSK3_1	86	115	7
O95863	95	100	ELMI001312	DEG	DEG_SCF_TRCP1_1	86	115	5
O95886	393	401	ELMI004042	LIG	LIG_DLG_GKlike_1	400	429	1
O95996	963	969	ELMI003063	DOC	DOC_MAPK_JIP1_4	953	986	6
O96017	65	71	ELMI000954	MOD	MOD_PIKK_1	1	66	1
P00533	1104	1110	ELMI001544	LIG	LIG_PTB_Phospho_1	1097	1137	6
P00533	1110	1113	ELMI003694	LIG	LIG_SH2_GRB2like	1097	1137	3
P01266	528	533	ELMI000521	MOD	MOD_N-GLC_1	521	545	5
P04049	231	235	ELMI003010	LIG	LIG_14-3-3_CanoR_1	220	334	4
P04049	254	263	ELMI003008	LIG	LIG_14-3-3_CanoR_1	220	334	9
P04049	254	262	ELMI002553	MOD	MOD_PKB_1	220	334	8
P04233	3	5	ELMI002072	TRG	TRG_ER_diArg_1	1	40	2
P04626	1139	1142	ELMI000813	LIG	LIG_SH2_GRB2like	1035	1179	3
P04626	1250	1255	ELMI001587	LIG	LIG_PDZ_Class_2	1196	1255	5
P04637	78	83	ELMI001995	DOC	DOC_WW_Pin1_4	50	96	5
P04637	305	323	ELMI001394	TRG	TRG_NLS_Bipartite_1	282	325	18
P04637	312	317	ELMI001996	DOC	DOC_WW_Pin1_4	282	325	5
P04637	312	319	ELMI003229	MOD	MOD_CDK_SPxxK_3	282	325	7
P04637	339	352	ELMI000923	TRG	TRG_NES_CRM1_1	351	393	1
P04637	359	363	ELMI001067	DOC	DOC_USP7_MATH_1	351	393	4
P04637	364	368	ELMI001068	DOC	DOC_USP7_MATH_1	351	393	4
P04637	378	388	ELMI000051	DOC	DOC_CYCLIN_RxL_1	351	393	10
P04637	385	388	ELMI000091	MOD	MOD_SUMO_for_1	351	393	3
P04921	123	128	ELMI001578	LIG	LIG_PDZ_Class_2	108	128	5
P05549	426	432	ELMI003845	MOD	MOD_CK2_1	414	437	6
P06213	1361	1364	ELMI002130	LIG	LIG_SH2_STAT5	1360	1382	3
P06400	860	877	ELMI001389	TRG	TRG_NLS_Bipartite_1	860	928	17
P06400	870	880	ELMI000052	DOC	DOC_CYCLIN_RxL_1	860	928	10
P06400	871	878	ELMI002287	DOC	DOC_PP1_RVXF_1	860	928	7
P06400	883	887	ELMI001916	CLV	CLV_C14_Caspase3-7	860	928	4
P06400	897	908	ELMI003970	DOC	DOC_CYCLIN_D_Helix_1	860	928	11
P06729	281	289	ELMI000208	LIG	LIG_GYF	237	351	8
P06729	294	300	ELMI002165	LIG	LIG_SH3_3	237	351	6
P06729	295	303	ELMI002117	LIG	LIG_GYF	237	351	8
P06729	327	332	ELMI004426	LIG	LIG_SH3_CIN85_PxpxPR_1	237	351	5
P06748	216	221	ELMI003238	MOD	MOD_CDK_SPK_2	120	247	5
P06748	234	239	ELMI003239	MOD	MOD_CDK_SPK_2	120	247	5
P06748	245	249	ELMI002882	MOD	MOD_SUMO_rev_2	120	247	2
P07306	5	8	ELMI000292	TRG	TRG_ENDOCYTIC_2	1	30	3
P07550	408	413	ELMI001598	LIG	LIG_PDZ_Class_1	392	413	5
P07766	184	188	ELMI002133	LIG	LIG_SH3_5	161	207	4
P07766	185	202	ELMI002040	LIG	LIG_TYR_ITAM	161	207	17
P07900	729	732	ELMI000041	LIG	LIG_TPR	700	732	3
P08238	223	229	ELMI003843	MOD	MOD_CK2_1	222	270	6
P08238	252	258	ELMI003844	MOD	MOD_CK2_1	222	270	6
P08621	338	342	ELMI001905	CLV	CLV_C14_Caspase3-7	187	437	4
P08631	1	7	ELMI002314	MOD	MOD_NMyristoyl	1	20	6
P09619	1101	1106	ELMI001599	LIG	LIG_PDZ_Class_1	1019	1106	5
P09651	204	208	ELMI003468	MOD	MOD_PRMT_GGRGG_1	182	216	4
P09874	211	215	ELMI001904	CLV	CLV_C14_Caspase3-7	198	233	4
P09958	782	788	ELMI004275	TRG	TRG_DiLeu_BaEn_2	767	794	6
P10275	80	85	ELMI003233	MOD	MOD_CDK_SPK_2	36	167	5
P10276	74	79	ELMI001984	DOC	DOC_WW_Pin1_4	52	77	3
P10276	442	448	ELMI001435	MOD	MOD_ProDKin_1	419	462	6
P10451	159	161	ELMI000110	LIG	LIG_Integrin_RGD_1	41	290	2
P10636	547	553	ELMI000175	LIG	LIG_SH3_1	1	573	6
P11021	651	654	ELMI000006	TRG	TRG_ER_KDEL_1	633	654	3
P11387	116	123	ELMI001251	LIG	LIG_KEPE_2	1	199	7
P11388	1340	1346	ELMI003379	MOD	MOD_Plk_2-3	1184	1531	6
P11717	2485	2491	ELMI000508	TRG	TRG_LysEnd_GGAAcLL_1	2424	2491	6
P12644	287	293	ELMI002724	CLV	CLV_PCSK_PC7_1	283	307	6
P12830	747	751	ELMI001928	CLV	CLV_C14_Caspase3-7	747	767	4
P12931	1	7	ELMI000824	MOD	MOD_NMyristoyl	1	53	6
P13051	4	13	ELMI000798	LIG	LIG_PCNA_PIPBox_1	1	68	9
P13051	15	21	ELMI002587	TRG	TRG_NLS_MonoExtN_4	1	68	6
P13051	58	64	ELMI001383	DEG	DEG_SCF_FBW7_1	1	68	6
P13497	90	95	ELMI000569	MOD	MOD_N-GLC_1	83	125	5
P13497	117	121	ELMI002704	CLV	CLV_PCSK_FUR_1	83	125	4
P13569	1475	1480	ELMI002120	LIG	LIG_PDZ_Class_1	1452	1480	5
P13942	344	348	ELMI003905	LIG	LIG_SH2_STAP1	330	465	4
P14316	136	142	ELMI001236	LIG	LIG_KEPE_1	116	148	6
P14317	378	382	ELMI003883	LIG	LIG_SH2_NCK_1	243	419	4
P14317	397	401	ELMI003709	LIG	LIG_SH2_STAP1	243	419	4
P14598	342	347	ELMI002016	DOC	DOC_WW_Pin1_4	285	390	5
P14598	363	368	ELMI000180	LIG	LIG_SH3_2	285	390	5
P14635	41	49	ELMI002599	DEG	DEG_APCC_DBOX_1	19	47	6
P14652	95	98	ELMI000756	LIG	LIG_HOMEOBOX	39	142	3
P16104	139	143	ELMI000943	LIG	LIG_BRCT_MDC1_1	121	143	4
P16471	348	353	ELMI001314	DEG	DEG_SCF_TRCP1_1	326	378	5
P17181	534	539	ELMI002453	DEG	DEG_SCF_TRCP1_1	516	557	5
P17535	242	252	ELMI000269	DEG	DEG_COP1_1	244	264	8
P17676	173	176	ELMI000857	MOD	MOD_SUMO_for_1	157	178	3
P18827	305	310	ELMI002122	LIG	LIG_PDZ_Class_2	284	310	5
P18848	218	224	ELMI001309	DEG	DEG_SCF_TRCP1_1	210	268	6
P18858	2	11	ELMI003920	LIG	LIG_PCNA_PIPBox_1	1	270	9
P18887	515	521	ELMI002139	MOD	MOD_CK2_1	498	536	6
P18887	520	526	ELMI002166	MOD	MOD_CK2_1	498	536	6
P18887	521	527	ELMI000986	LIG	LIG_FHA_2	498	536	6
P19086	1	7	ELMI000311	MOD	MOD_SPalmitoyl_4	1	26	6
P19419	312	321	ELMI001018	DOC	DOC_MAPK_gen_1	229	358	9
P19419	315	321	ELMI003064	DOC	DOC_MAPK_JIP1_4	229	358	6
P19793	24	30	ELMI001406	MOD	MOD_PKA_2	1	107	6
P20020	1157	1162	ELMI004289	TRG	TRG_DiLeu_BaLyEn_6	1160	1220	2
P20073	4	12	ELMI002655	LIG	LIG_EF_ALG2_ABM_1	1	49	8
P20333	424	427	ELMI000059	LIG	LIG_TRAF2_1	394	461	3
P20645	271	277	ELMI000507	TRG	TRG_LysEnd_GGAAcLL_1	256	277	6
P20963	69	86	ELMI002041	LIG	LIG_TYR_ITAM	83	111	3
P21815	176	181	ELMI000540	MOD	MOD_N-GLC_1	58	254	5
P21815	181	186	ELMI000541	MOD	MOD_N-GLC_1	58	254	5
P21815	189	194	ELMI000542	MOD	MOD_N-GLC_1	58	254	5
P22087	13	17	ELMI003482	MOD	MOD_PRMT_GGRGG_1	1	87	4
P22681	774	778	ELMI003716	LIG	LIG_SH2_CRK	743	781	4
P22681	824	829	ELMI004429	LIG	LIG_SH3_CIN85_PxpxPR_1	799	854	5
P22736	137	142	ELMI002019	DOC	DOC_WW_Pin1_4	131	158	5
P22736	140	145	ELMI002306	DOC	DOC_WW_Pin1_4	131	158	5
P22736	346	354	ELMI000100	MOD	MOD_PKB_1	341	361	8
P23443	28	33	ELMI001214	DOC	DOC_WD40_RPTOR_TOS_1	1	54	5
P24385	289	295	ELMI004149	DEG	DEG_SCF_FBXO31_1	262	295	6
P24864	388	395	ELMI002282	MOD	MOD_GSK3_1	378	410	7
P24864	392	399	ELMI001863	MOD	MOD_GSK3_1	378	410	7
P24864	393	399	ELMI001385	DEG	DEG_SCF_FBW7_1	378	410	6
P25054	1357	1363	ELMI003247	MOD	MOD_CDK_SPxK_1	1311	1376	6
P25054	2048	2053	ELMI001380	TRG	TRG_NLS_MonoCore_2	2043	2072	5
P25054	2048	2053	ELMI001379	TRG	TRG_NLS_MonoExtC_3	2043	2072	5
P25054	2048	2054	ELMI001378	TRG	TRG_NLS_MonoExtN_4	2043	2072	6
P25054	2049	2054	ELMI002398	TRG	TRG_NLS_MonoExtN_4	2043	2072	5
P25054	2801	2811	ELMI001285	LIG	LIG_SxIP_EBH_1	2729	2843	10
P25686	247	253	ELMI003835	MOD	MOD_CK2_1	218	324	6
P25942	231	239	ELMI000016	LIG	LIG_TRAF6_MATH_1	223	277	8
P25942	250	253	ELMI000050	LIG	LIG_TRAF2_1	223	277	3
P25963	31	36	ELMI001303	DEG	DEG_SCF_TRCP1_1	1	39	5
P26358	151	156	ELMI003236	MOD	MOD_CDK_SPK_2	103	349	5
P26358	164	173	ELMI000797	LIG	LIG_PCNA_PIPBox_1	103	349	9
P26358	1111	1115	ELMI003683	DOC	DOC_USP7_UBL2_3	1095	1130	4
P26842	246	249	ELMI000048	LIG	LIG_TRAF2_1	219	260	3
P27797	414	417	ELMI000013	TRG	TRG_ER_KDEL_1	350	417	3
P27986	85	90	ELMI004388	LIG	LIG_SH3_CIN85_PxpxPR_1	80	108	5
P27986	88	94	ELMI000172	LIG	LIG_SH3_1	80	108	6
P28324	318	327	ELMI001019	DOC	DOC_MAPK_gen_1	294	323	5
P28908	561	564	ELMI000054	LIG	LIG_TRAF2_1	536	595	3
P28908	578	581	ELMI000055	LIG	LIG_TRAF2_1	536	595	3
P29590	489	492	ELMI002434	MOD	MOD_SUMO_for_1	467	589	3
P29590	502	507	ELMI001986	DOC	DOC_WW_Pin1_4	467	589	5
P29590	515	520	ELMI001988	DOC	DOC_WW_Pin1_4	467	589	5
P29590	524	529	ELMI001987	DOC	DOC_WW_Pin1_4	467	589	5
P29590	527	532	ELMI002303	DOC	DOC_WW_Pin1_4	467	589	5
P29590	554	565	ELMI002807	LIG	LIG_SUMO_SIM_anti_2	467	589	11
P29590	555	566	ELMI002773	LIG	LIG_SUMO_SIM_par_1	467	589	11
P29966	1	7	ELMI002316	MOD	MOD_NMyristoyl	1	332	6
P30203	629	632	ELMI003691	LIG	LIG_SH2_GRB2like	537	668	3
P30279	283	289	ELMI004150	DEG	DEG_SCF_FBXO31_1	264	289	6
P30281	286	292	ELMI004151	DEG	DEG_SCF_FBXO31_1	254	292	6
P30291	50	56	ELMI003377	MOD	MOD_Plk_1	1	181	6
P30291	120	126	ELMI003450	MOD	MOD_CDK_SPxK_1	1	181	6
P30291	136	142	ELMI003449	MOD	MOD_CDK_SPxK_1	1	181	6
P30291	177	187	ELMI003455	DOC	DOC_CYCLIN_RxL_1	1	181	4
P30307	150	154	ELMI001012	DEG	DEG_APCC_KENBOX_2	132	158	4
P30518	247	249	ELMI002075	TRG	TRG_ER_diArg_1	240	259	2
P30559	7	12	ELMI000591	MOD	MOD_N-GLC_1	7	31	5
P30559	14	19	ELMI000592	MOD	MOD_N-GLC_1	7	31	5
P30559	25	30	ELMI000593	MOD	MOD_N-GLC_1	7	31	5
P31273	139	142	ELMI000310	LIG	LIG_HOMEOBOX	114	154	3
P31749	126	132	ELMI003847	MOD	MOD_CK2_1	113	138	6
P31749	447	452	ELMI001977	DOC	DOC_WW_Pin1_4	450	480	2
P32004	1176	1179	ELMI000293	TRG	TRG_ENDOCYTIC_2	1176	1207	3
P35222	30	37	ELMI002616	MOD	MOD_GSK3_1	34	57	3
P35222	32	37	ELMI001302	DEG	DEG_SCF_TRCP1_1	34	57	3
P35222	776	781	ELMI001576	LIG	LIG_PDZ_Class_1	705	781	5
P35568	857	863	ELMI003065	DOC	DOC_MAPK_JIP1_4	771	900	6
P35568	896	899	ELMI003692	LIG	LIG_SH2_GRB2like	771	900	3
P35610	10	13	ELMI002082	TRG	TRG_ER_diArg_1	1	39	3
P35637	246	250	ELMI003470	MOD	MOD_PRMT_GGRGG_1	1	286	4
P35712	424	428	ELMI000215	LIG	LIG_CtBP_PxDLS_1	380	470	4
P36383	394	396	ELMI003532	LIG	LIG_PDZ_Wminus1_1	353	396	2
P36941	402	405	ELMI000047	LIG	LIG_TRAF2_1	373	435	3
P36956	421	427	ELMI003374	MOD	MOD_Plk_1	421	479	6
P36956	425	430	ELMI001384	DEG	DEG_SCF_FBW7_1	421	479	5
P36956	457	461	ELMI001908	CLV	CLV_C14_Caspase3-7	421	479	4
P37088	641	644	ELMI002170	LIG	LIG_WW_1	620	669	3
P37840	126	132	ELMI003378	MOD	MOD_Plk_2-3	100	140	6
P38398	1384	1390	ELMI000961	MOD	MOD_PIKK_1	1322	1387	3
P38936	140	148	ELMI002426	MOD	MOD_PKB_1	76	164	8
P38936	142	158	ELMI002172	TRG	TRG_NLS_Bipartite_1	76	164	16
P38936	144	153	ELMI000791	LIG	LIG_PCNA_PIPBox_1	76	164	9
P38936	145	157	ELMI001943	DEG	DEG_CRL4_CDT2_1	76	164	12
P39748	337	346	ELMI000792	LIG	LIG_PCNA_PIPBox_1	327	380	9
P40225	254	259	ELMI000537	MOD	MOD_N-GLC_1	257	353	2
P40225	339	344	ELMI000538	MOD	MOD_N-GLC_1	257	353	5
P40225	347	352	ELMI000539	MOD	MOD_N-GLC_1	257	353	5
P40855	18	29	ELMI002242	LIG	LIG_Pex3_1	1	63	11
P41212	254	260	ELMI001452	MOD	MOD_ProDKin_1	158	262	6
P41236	12	17	ELMI002630	DOC	DOC_PP1_SILK_1	1	44	5
P41970	273	277	ELMI000087	LIG	LIG_CtBP_PxDLS_1	271	298	4
P42566	599	601	ELMI000839	LIG	LIG_AP2alpha_2	542	606	2
P42566	798	800	ELMI000847	LIG	LIG_AP2alpha_2	760	848	2
P42566	804	806	ELMI000848	LIG	LIG_AP2alpha_2	760	848	2
P42566	825	827	ELMI000849	LIG	LIG_AP2alpha_2	760	848	2
P42768	431	447	ELMI001660	LIG	LIG_Actin_WH2_1	307	502	16
P42768	466	474	ELMI003343	LIG	LIG_GBD_Chelix_1	307	502	8
P42858	547	551	ELMI001912	CLV	CLV_C14_Caspase3-7	517	583	4
P43146	1146	1155	ELMI003302	DOC	DOC_MAPK_DCC_7	1126	1152	6
P43489	262	265	ELMI000046	LIG	LIG_TRAF2_1	248	277	3
P46108	221	225	ELMI003743	LIG	LIG_SH2_CRK	200	229	4
P46527	27	37	ELMI000069	DOC	DOC_CYCLIN_RxL_1	1	34	7
P46527	152	160	ELMI002425	MOD	MOD_PKB_1	85	198	8
P46527	183	190	ELMI001938	DEG	DEG_SCF_SKP2-CKS1_1	85	198	7
P46527	184	189	ELMI001962	DOC	DOC_WW_Pin1_4	85	198	5
P46527	184	190	ELMI002138	MOD	MOD_CDK_SPxK_1	85	198	6
P46527	196	198	ELMI002979	LIG	LIG_14-3-3_CterR_2	85	198	2
P46531	2508	2515	ELMI001401	DEG	DEG_SCF_FBW7_2	2483	2555	7
P46937	95	98	ELMI003939	DOC	DOC_PP4_FxxP_1	91	114	3
P47902	133	136	ELMI000753	LIG	LIG_HOMEOBOX	9	153	3
P48436	61	67	ELMI001511	MOD	MOD_PKA_1	1	67	6
P48552	712	718	ELMI000778	LIG	LIG_NRBOX	716	745	2
P49023	39	48	ELMI004461	LIG	LIG_LIR_Gen_1	17	138	9
P49023	118	122	ELMI003741	LIG	LIG_SH2_CRK	17	138	4
P49418	290	294	ELMI003660	MOD	MOD_DYRK1A_RPxSP_1	244	312	4
P49716	119	122	ELMI000858	MOD	MOD_SUMO_for_1	97	133	3
P49736	105	111	ELMI000965	MOD	MOD_PIKK_1	109	167	2
P49757	636	640	ELMI001132	LIG	LIG_EH_1	623	651	4
P49792	2568	2572	ELMI002860	MOD	MOD_SUMO_rev_2	2556	2584	4
P49815	934	942	ELMI002554	MOD	MOD_PKB_1	930	964	8
P49815	1127	1135	ELMI002556	MOD	MOD_PKB_1	1083	1132	5
P49815	1457	1465	ELMI002557	MOD	MOD_PKB_1	1364	1488	8
P49918	270	282	ELMI002104	DEG	DEG_CRL4_CDT2_1	278	316	4
P49918	306	313	ELMI001939	DEG	DEG_SCF_SKP2-CKS1_1	278	316	7
P49918	307	313	ELMI002606	MOD	MOD_CDK_SPxK_1	278	316	6
P50552	204	210	ELMI003398	LIG	LIG_PROFILIN_1	111	343	6
P50570	829	834	ELMI002131	LIG	LIG_SH3_2	741	870	5
P50616	151	157	ELMI001433	MOD	MOD_ProDKin_1	144	171	6
P50616	265	277	ELMI001611	LIG	LIG_PAM2_1	231	267	2
P50895	604	609	ELMI004258	TRG	TRG_DiLeu_BaEn_1	579	628	5
P50995	4	14	ELMI002656	LIG	LIG_EF_ALG2_ABM_1	1	37	10
P51168	617	620	ELMI002168	LIG	LIG_WW_1	590	640	3
P51617	168	172	ELMI001695	LIG	LIG_EVH1_1	105	187	4
P51617	540	548	ELMI000027	LIG	LIG_TRAF6_MATH_1	532	591	8
P51617	583	591	ELMI000028	LIG	LIG_TRAF6_MATH_1	532	591	8
P51617	702	710	ELMI000029	LIG	LIG_TRAF6_MATH_1	690	712	8
P52564	7	15	ELMI003289	DOC	DOC_MAPK_MEF2A_6	1	34	8
P52566	16	20	ELMI001921	CLV	CLV_C14_Caspase3-7	1	38	4
P52701	4	13	ELMI000799	LIG	LIG_PCNA_PIPBox_1	1	84	9
P53350	336	344	ELMI001004	DEG	DEG_APCC_DBOX_1	338	364	6
P53804	1205	1217	ELMI001616	LIG	LIG_PAM2_1	1215	1295	2
P53990	351	362	ELMI004430	DOC	DOC_MIT_MIM_1	294	352	1
P54132	1322	1326	ELMI003614	LIG	LIG_MLH1_MIPbox_1	1289	1417	4
P54252	253	260	ELMI001861	MOD	MOD_GSK3_1	258	338	2
P54253	44	47	ELMI002971	LIG	LIG_CSL_BTD_1	1	63	3
P54253	769	774	ELMI001400	TRG	TRG_NLS_MonoCore_2	762	798	5
P54253	770	775	ELMI001398	LIG	LIG_ULM_U2AF65_1	762	798	5
P54253	773	777	ELMI002985	LIG	LIG_14-3-3_CanoR_1	762	798	4
P54259	103	107	ELMI002256	CLV	CLV_C14_Caspase3-7	1	608	4
P54259	106	110	ELMI001933	CLV	CLV_C14_Caspase3-7	1	608	4
P54274	12	19	ELMI002053	DOC	DOC_ANK_TNKS_1	1	36	7
P54652	636	639	ELMI000038	LIG	LIG_TPR	613	639	3
P54845	23	29	ELMI001234	LIG	LIG_KEPE_1	23	57	6
P55011	985	990	ELMI004288	TRG	TRG_DiLeu_BaLyEn_6	962	989	4
P55210	23	27	ELMI001431	LIG	LIG_BIR_III_2	1	30	4
P55211	315	319	ELMI001318	LIG	LIG_BIR_III_2	294	320	4
P56524	242	248	ELMI002999	LIG	LIG_14-3-3_CanoR_1	240	315	6
P56524	558	566	ELMI001250	LIG	LIG_KEPE_2	548	585	8
P56524	558	561	ELMI000864	MOD	MOD_SUMO_for_1	548	585	3
P56524	629	634	ELMI003001	LIG	LIG_14-3-3_CanoR_1	626	646	5
P57682	90	97	ELMI003290	DOC	DOC_MAPK_MEF2A_6	66	112	7
P60484	381	385	ELMI002111	CLV	CLV_C14_Caspase3-7	352	403	4
P60484	382	388	ELMI002142	MOD	MOD_CK2_1	352	403	6
P61081	1	4	ELMI002901	LIG	LIG_DCNL_PONY_1	1	29	3
P61081	4	12	ELMI002898	LIG	LIG_UBA3_1	1	29	8
P61925	37	51	ELMI000921	TRG	TRG_NES_CRM1_1	49	76	2
P61978	297	301	ELMI003469	MOD	MOD_PRMT_GGRGG_1	250	329	4
P68431	9	17	ELMI003020	LIG	LIG_14-3-3_CanoR_1	1	43	8
P68431	27	31	ELMI003011	LIG	LIG_14-3-3_CanoR_1	1	43	4
P78314	208	213	ELMI004389	LIG	LIG_SH3_CIN85_PxpxPR_1	160	316	5
P78314	222	227	ELMI003040	LIG	LIG_14-3-3_CanoR_1	160	316	5
P78314	276	280	ELMI003013	LIG	LIG_14-3-3_CanoR_1	160	316	4
P78314	414	421	ELMI002044	DOC	DOC_ANK_TNKS_1	333	451	7
P84022	176	181	ELMI001991	DOC	DOC_WW_Pin1_4	165	208	5
P84022	201	206	ELMI001992	DOC	DOC_WW_Pin1_4	165	208	5
P84022	201	208	ELMI002176	MOD	MOD_GSK3_1	165	208	7
P84022	205	210	ELMI001993	DOC	DOC_WW_Pin1_4	165	208	3
P98082	293	295	ELMI002609	LIG	LIG_AP2alpha_2	284	482	2
P98082	298	300	ELMI002610	LIG	LIG_AP2alpha_2	284	482	2
P98174	280	287	ELMI002582	MOD	MOD_GSK3_1	1	353	7
P98174	282	287	ELMI002123	DEG	DEG_SCF_TRCP1_1	1	353	5
P98177	27	35	ELMI002279	MOD	MOD_PKB_1	1	100	8
P98177	29	34	ELMI002988	LIG	LIG_14-3-3_CanoR_1	1	100	5
P98177	192	200	ELMI002280	MOD	MOD_PKB_1	176	246	8
P98177	194	199	ELMI003025	LIG	LIG_14-3-3_CanoR_1	176	246	5
Q00613	297	300	ELMI000865	MOD	MOD_SUMO_for_1	294	324	3
Q00613	300	307	ELMI002190	MOD	MOD_GSK3_1	294	324	7
Q00613	304	310	ELMI002191	MOD	MOD_ProDKin_1	294	324	6
Q00839	262	267	ELMI002886	MOD	MOD_SUMO_rev_2	41	281	5
Q00987	147	151	ELMI001069	DOC	DOC_USP7_MATH_1	141	187	4
Q00987	161	169	ELMI002550	MOD	MOD_PKB_1	141	187	8
Q00987	181	189	ELMI002551	MOD	MOD_PKB_1	141	187	6
Q00987	226	230	ELMI001070	DOC	DOC_USP7_MATH_1	211	237	4
Q00987	392	398	ELMI000953	MOD	MOD_PIKK_1	371	427	6
Q00987	397	401	ELMI002274	DOC	DOC_USP7_MATH_1	371	427	4
Q00987	404	410	ELMI002276	MOD	MOD_PIKK_1	371	427	6
Q01432	82	90	ELMI003291	DOC	DOC_MAPK_MEF2A_6	89	111	1
Q01814	1238	1243	ELMI002439	LIG	LIG_PDZ_Class_1	1194	1243	5
Q01844	488	492	ELMI003464	MOD	MOD_PRMT_GGRGG_1	448	525	4
Q01844	573	577	ELMI003466	MOD	MOD_PRMT_GGRGG_1	547	656	4
Q01844	590	594	ELMI003467	MOD	MOD_PRMT_GGRGG_1	547	656	4
Q01844	634	638	ELMI003465	MOD	MOD_PRMT_GGRGG_1	547	656	4
Q01860	9	14	ELMI001970	DOC	DOC_WW_Pin1_4	1	52	5
Q02078	269	277	ELMI001024	DOC	DOC_MAPK_gen_1	243	270	1
Q02078	402	405	ELMI002189	MOD	MOD_SUMO_for_1	397	507	3
Q02078	405	411	ELMI002187	MOD	MOD_CDK_SPxK_1	397	507	6
Q02156	343	348	ELMI002989	LIG	LIG_14-3-3_CanoR_1	325	356	5
Q02410	376	382	ELMI002567	LIG	LIG_CaMK_CASK_1	358	435	6
Q02548	178	186	ELMI000940	LIG	LIG_EH1_1	182	218	4
Q02750	3	11	ELMI001022	DOC	DOC_MAPK_gen_1	1	27	8
Q02779	877	883	ELMI003066	DOC	DOC_MAPK_JIP1_4	757	954	6
Q03001	7545	7558	ELMI001286	LIG	LIG_SxIP_EBH_1	7481	7570	13
Q03112	584	588	ELMI000082	LIG	LIG_CtBP_PxDLS_1	547	618	4
Q03164	513	519	ELMI002459	MOD	MOD_PIKK_1	445	585	6
Q03164	2664	2670	ELMI000911	CLV	CLV_TASPASE1	2647	2675	6
Q03164	2716	2722	ELMI000912	CLV	CLV_TASPASE1	2713	2821	6
Q05193	833	838	ELMI000178	LIG	LIG_SH3_2	767	864	5
Q05397	712	717	ELMI002195	LIG	LIG_SH3_2	684	734	5
Q05397	907	912	ELMI002032	DOC	DOC_WW_Pin1_4	839	922	5
Q05397	907	913	ELMI001460	MOD	MOD_ProDKin_1	839	922	6
Q05586	893	895	ELMI002064	TRG	TRG_ER_diArg_1	889	938	2
Q05586	894	900	ELMI002147	MOD	MOD_PKA_1	889	938	6
Q06124	546	549	ELMI000815	LIG	LIG_SH2_GRB2like	548	571	1
Q06187	186	192	ELMI000176	LIG	LIG_SH3_1	171	210	6
Q06187	200	206	ELMI000177	LIG	LIG_SH3_1	171	210	6
Q06265	393	403	ELMI002780	LIG	LIG_SUMO_SIM_par_1	390	439	10
Q07343	73	79	ELMI003067	DOC	DOC_MAPK_JIP1_4	51	78	5
Q07820	77	84	ELMI002057	DOC	DOC_ANK_TNKS_1	47	87	7
Q07889	1151	1156	ELMI000183	LIG	LIG_SH3_2	1129	1333	5
Q07889	1152	1157	ELMI000184	LIG	LIG_SH3_2	1129	1333	5
Q07889	1164	1170	ELMI001442	MOD	MOD_ProDKin_1	1129	1333	6
Q07889	1175	1181	ELMI001443	MOD	MOD_ProDKin_1	1129	1333	6
Q07889	1190	1196	ELMI001444	MOD	MOD_ProDKin_1	1129	1333	6
Q07955	224	228	ELMI003667	MOD	MOD_DYRK1A_RPxSP_1	191	248	4
Q08999	677	687	ELMI000060	DOC	DOC_CYCLIN_RxL_1	654	678	1
Q12778	322	328	ELMI003816	MOD	MOD_CK1_1	234	344	6
Q12792	323	333	ELMI004172	LIG	LIG_ActinCP_TwfCPI_2	316	350	10
Q12800	306	311	ELMI002013	DOC	DOC_WW_Pin1_4	294	325	5
Q12830	729	734	ELMI002830	DEG	DEG_Kelch_Keap1_1	567	774	5
Q12834	77	83	ELMI002507	LIG	LIG_APCC_Cbox_1	17	80	3
Q12929	210	216	ELMI003807	LIG	LIG_SH3_3	202	225	6
Q12929	215	221	ELMI003806	LIG	LIG_SH3_3	202	225	6
Q12955	3254	3258	ELMI001681	LIG	LIG_EVH1_1	3131	3272	4
Q12982	95	104	ELMI002934	LIG	LIG_KLC1_WD_1	76	100	5
Q12986	11	23	ELMI001614	LIG	LIG_PAM2_1	1	295	12
Q13029	309	328	ELMI003126	LIG	LIG_Rb_LxCxE_1	155	335	19
Q13043	323	327	ELMI001902	CLV	CLV_C14_Caspase3-7	303	332	4
Q13094	113	117	ELMI003886	LIG	LIG_SH2_NCK_1	78	417	4
Q13094	128	132	ELMI003887	LIG	LIG_SH2_NCK_1	78	417	4
Q13094	145	149	ELMI003888	LIG	LIG_SH2_NCK_1	78	417	4
Q13136	1197	1202	ELMI001596	LIG	LIG_PDZ_Class_2	1163	1202	5
Q13153	13	18	ELMI002173	LIG	LIG_SH3_2	1	77	5
Q13158	197	203	ELMI003810	MOD	MOD_CK1_1	187	208	6
Q13188	319	323	ELMI001903	CLV	CLV_C14_Caspase3-7	301	327	4
Q13191	491	499	ELMI003309	DOC	DOC_MAPK_DCC_7	466	571	8
Q13191	709	713	ELMI003727	LIG	LIG_SH2_CRK	688	731	4
Q13191	802	806	ELMI003707	LIG	LIG_SH2_STAP1	769	929	4
Q13191	906	911	ELMI004428	LIG	LIG_SH3_CIN85_PxpxPR_1	769	929	5
Q13233	1078	1086	ELMI003099	DOC	DOC_MAPK_NFAT4_5	1032	1087	8
Q13247	300	304	ELMI003654	MOD	MOD_DYRK1A_RPxSP_1	176	344	4
Q13255	1147	1151	ELMI001697	LIG	LIG_EVH1_2	1113	1173	4
Q13275	778	779	ELMI003999	LIG	LIG_NRP_CendR_1	752	785	1
Q13309	67	72	ELMI002595	TRG	TRG_NLS_MonoExtN_4	39	73	5
Q13330	709	715	ELMI002782	LIG	LIG_SUMO_SIM_par_1	673	715	6
Q13409	156	162	ELMI001218	LIG	LIG_Dynein_DLC8_1	155	214	6
Q13416	113	119	ELMI003255	MOD	MOD_CDK_SPxK_1	81	199	6
Q13422	34	38	ELMI000083	LIG	LIG_CtBP_PxDLS_1	1	72	4
Q13426	231	237	ELMI000985	LIG	LIG_FHA_2	210	249	6
Q13444	767	772	ELMI002435	LIG	LIG_SH3_2	736	863	5
Q13459	1250	1256	ELMI003069	DOC	DOC_MAPK_JIP1_4	1046	1298	6
Q13480	527	536	ELMI003306	DOC	DOC_MAPK_DCC_7	493	532	5
Q13501	335	346	ELMI004465	LIG	LIG_LIR_Gen_1	264	390	11
Q13501	347	352	ELMI002823	DEG	DEG_Kelch_Keap1_1	264	390	5
Q13516	10	16	ELMI003836	MOD	MOD_CK2_1	1	107	6
Q13541	114	118	ELMI001211	DOC	DOC_WD40_RPTOR_TOS_1	64	118	4
Q13547	411	428	ELMI003141	LIG	LIG_Rb_LxCxE_1	390	482	17
Q13547	443	446	ELMI000862	MOD	MOD_SUMO_for_1	390	482	3
Q13547	475	478	ELMI000863	MOD	MOD_SUMO_for_1	390	482	3
Q13563	6	10	ELMI001301	TRG	TRG_Cilium_RVxP_2	1	28	4
Q13586	637	651	ELMI001289	LIG	LIG_SxIP_EBH_1	596	685	14
Q13761	412	415	ELMI000746	LIG	LIG_WRPW_1	375	415	3
Q13873	937	943	ELMI003070	DOC	DOC_MAPK_JIP1_4	872	972	6
Q13905	284	289	ELMI001098	LIG	LIG_SH3_2	248	300	5
Q13950	518	521	ELMI000744	LIG	LIG_WRPW_1	460	521	3
Q14118	888	894	ELMI002281	LIG	LIG_SH3_3	823	895	6
Q14118	889	892	ELMI001104	LIG	LIG_WW_1	823	895	3
Q14118	892	895	ELMI002167	LIG	LIG_SH2_SRC	823	895	3
Q14151	246	254	ELMI002887	MOD	MOD_SUMO_rev_2	219	404	8
Q14151	387	393	ELMI002865	MOD	MOD_SUMO_rev_2	219	404	6
Q14318	23	30	ELMI004466	LIG	LIG_LIR_Gen_1	1	68	7
Q14318	52	56	ELMI002479	LIG	LIG_MYND_3	1	68	4
Q14469	275	280	ELMI000655	LIG	LIG_WRPW_1	254	280	5
Q14493	94	103	ELMI003456	DOC	DOC_CYCLIN_RxL_1	1	132	9
Q14526	241	246	ELMI000216	LIG	LIG_CtBP_PxDLS_1	241	421	5
Q14526	332	335	ELMI001254	MOD	MOD_SUMO_for_1	241	421	3
Q14674	1483	1487	ELMI002253	CLV	CLV_Separin_Metazoa	1412	1485	2
Q14674	1532	1536	ELMI002255	CLV	CLV_Separin_Metazoa	1507	1561	4
Q14814	441	447	ELMI002188	MOD	MOD_CDK_SPxK_1	437	521	6
Q14934	165	171	ELMI001439	MOD	MOD_ProDKin_1	16	180	6
Q14934	167	173	ELMI001440	MOD	MOD_ProDKin_1	16	180	6
Q14980	1742	1749	ELMI002054	DOC	DOC_ANK_TNKS_1	1734	1761	7
Q15004	62	71	ELMI003910	LIG	LIG_PCNA_PIPBox_1	23	111	9
Q15021	1337	1340	ELMI003933	DOC	DOC_PP4_FxxP_1	1303	1401	3
Q15054	456	465	ELMI001231	LIG	LIG_PCNA_PIPBox_1	406	466	9
Q15185	156	160	ELMI002480	LIG	LIG_MYND_3	123	160	4
Q15326	451	457	ELMI000093	LIG	LIG_Dynein_DLC8_1	366	459	6
Q15398	636	641	ELMI003232	MOD	MOD_CDK_SPK_2	627	674	5
Q15554	362	369	ELMI003212	MOD	MOD_CDK_SPxxK_3	358	464	7
Q15583	153	157	ELMI000218	LIG	LIG_CtBP_PxDLS_1	139	170	4
Q15596	640	646	ELMI000782	LIG	LIG_NRBOX	557	683	6
Q15596	730	733	ELMI000871	MOD	MOD_SUMO_for_1	709	737	3
Q15637	15	23	ELMI000945	LIG	LIG_ULM_U2AF65_1	1	42	8
Q15648	644	650	ELMI000786	LIG	LIG_NRBOX	609	706	6
Q15654	48	56	ELMI004512	LIG	LIG_TRAF6_MATH_1	1	93	8
Q15797	199	206	ELMI002175	MOD	MOD_GSK3_1	162	248	7
Q15797	207	214	ELMI002174	MOD	MOD_GSK3_1	162	248	7
Q15797	224	227	ELMI002134	LIG	LIG_WW_1	162	248	3
Q15842	380	383	ELMI002066	TRG	TRG_ER_diArg_1	375	424	3
Q15942	71	75	ELMI001690	LIG	LIG_EVH1_1	23	351	4
Q15942	73	77	ELMI002309	LIG	LIG_EVH1_1	23	351	4
Q15942	93	97	ELMI001691	LIG	LIG_EVH1_1	23	351	4
Q15942	104	108	ELMI001688	LIG	LIG_EVH1_1	23	351	4
Q15942	114	118	ELMI001689	LIG	LIG_EVH1_1	23	351	4
Q16204	423	426	ELMI003927	DOC	DOC_PP4_FxxP_1	397	474	3
Q16629	214	218	ELMI003655	MOD	MOD_DYRK1A_RPxSP_1	123	238	4
Q16629	230	234	ELMI003656	MOD	MOD_DYRK1A_RPxSP_1	123	238	4
Q16644	363	368	ELMI002161	TRG	TRG_NLS_MonoCore_2	357	382	5
Q16665	638	644	ELMI002266	MOD	MOD_ProDKin_1	642	688	2
Q16665	665	671	ELMI003249	MOD	MOD_CDK_SPxK_1	642	688	6
Q2M2Z5	376	382	ELMI003362	MOD	MOD_Plk_1	255	413	6
Q2TAL5	184	190	ELMI003085	DOC	DOC_MAPK_JIP1_4	87	193	6
Q4G163	384	390	ELMI003180	DOC	DOC_PP2A_B56_1	320	426	6
Q4VCS5	239	242	ELMI002438	LIG	LIG_WW_1	224	268	3
Q53EL6	70	76	ELMI001307	DEG	DEG_SCF_TRCP1_1	58	128	6
Q58A45	284	296	ELMI001609	LIG	LIG_PAM2_1	284	307	12
Q5C9Z4	338	344	ELMI002285	LIG	LIG_eIF4E_2	225	339	1
Q5JR12	69	75	ELMI003082	DOC	DOC_MAPK_JIP1_4	1	103	6
Q5JSH3	6	16	ELMI003575	TRG	TRG_ER_FFAT_1	1	24	10
Q5JSP0	73	80	ELMI002143	MOD	MOD_GSK3_1	1	151	7
Q5JSP0	75	80	ELMI002124	DEG	DEG_SCF_TRCP1_1	1	151	5
Q5JSP0	77	84	ELMI002186	MOD	MOD_GSK3_1	1	151	7
Q5JTC6	286	291	ELMI002827	DEG	DEG_Kelch_Keap1_1	156	308	5
Q5SYB0	767	776	ELMI003555	TRG	TRG_ER_FFAT_1	759	831	9
Q5T4F4	285	293	ELMI003571	TRG	TRG_ER_FFAT_1	234	286	1
Q5VZK9	982	999	ELMI004162	LIG	LIG_ActinCP_CPI_1	957	1000	17
Q63HK5	323	330	ELMI003292	DOC	DOC_MAPK_MEF2A_6	325	364	5
Q63HK5	323	331	ELMI003101	DOC	DOC_MAPK_NFAT4_5	325	364	6
Q63HQ0	208	216	ELMI002938	LIG	LIG_KLC1_WD_1	188	258	8
Q641Q2	1024	1041	ELMI004167	LIG	LIG_ActinCP_CPI_1	988	1206	17
Q6F5E8	1016	1037	ELMI004165	LIG	LIG_ActinCP_CPI_1	965	1435	21
Q6ISU1	211	216	ELMI004401	LIG	LIG_SH3_CIN85_PxpxPR_1	196	233	5
Q6JBY9	153	172	ELMI004158	LIG	LIG_ActinCP_CPI_1	98	416	19
Q6NS38	1	7	ELMI003890	LIG	LIG_PCNA_APIM_2	1	57	6
Q6PGN9	276	289	ELMI001293	LIG	LIG_SxIP_EBH_1	95	363	13
Q6PJF5	19	31	ELMI003312	DOC	DOC_MAPK_HePTP_8	1	115	12
Q6ULP2	25	31	ELMI000485	LIG	LIG_AP_GAE_1	1	36	6
Q6UWE0	648	653	ELMI001342	LIG	LIG_PTAP_UEV_1	642	665	5
Q6UWE0	660	665	ELMI001343	LIG	LIG_PTAP_UEV_1	642	665	5
Q6UWZ7	405	409	ELMI001258	LIG	LIG_BRCT_BRCA1_1	362	409	4
Q6V0I7	4571	4578	ELMI002047	DOC	DOC_ANK_TNKS_1	4534	4584	7
Q6V0I7	4826	4833	ELMI002048	DOC	DOC_ANK_TNKS_1	4752	4856	7
Q6VMQ6	965	970	ELMI002786	LIG	LIG_SUMO_SIM_par_1	918	1026	5
Q6ZNE5	434	443	ELMI004468	LIG	LIG_LIR_Gen_1	410	473	9
Q702N8	22	26	ELMI002581	LIG	LIG_EVH1_1	1	48	4
Q71U36	443	451	ELMI001057	LIG	LIG_CAP-Gly_1	432	451	8
Q7L9B9	1	7	ELMI002327	MOD	MOD_NMyristoyl	1	20	6
Q7LBR1	187	196	ELMI004433	DOC	DOC_MIT_MIM_1	167	199	9
Q7Z333	1579	1582	ELMI003940	DOC	DOC_PP4_FxxP_1	1579	1604	3
Q7Z434	151	159	ELMI004510	LIG	LIG_TRAF6_MATH_1	95	297	8
Q7Z465	141	150	ELMI002935	LIG	LIG_KLC1_WD_1	32	156	9
Q86TI0	233	239	ELMI003014	LIG	LIG_14-3-3_CanoR_1	203	238	5
Q86VP3	434	439	ELMI003026	LIG	LIG_14-3-3_CanoR_1	293	463	5
Q86WV6	361	366	ELMI003337	LIG	LIG_IRF3_LxIS_1	341	370	5
Q86XR7	1	7	ELMI002329	MOD	MOD_NMyristoyl	1	39	6
Q8IUC6	248	256	ELMI004505	LIG	LIG_TRAF6_MATH_1	216	316	8
Q8IWE5	234	241	ELMI002925	LIG	LIG_KLC1_WD_1	230	458	7
Q8IWI9	2948	2952	ELMI002473	LIG	LIG_MYND_1	2944	2968	4
Q8IWX8	614	619	ELMI002662	LIG	LIG_EF_ALG2_ABM_2	601	635	5
Q8IX07	794	798	ELMI000253	LIG	LIG_CtBP_PxDLS_1	708	810	4
Q8IZL8	474	479	ELMI003244	MOD	MOD_CDK_SPK_2	473	497	5
Q8IZP0	417	421	ELMI000206	LIG	LIG_SH3_5	388	421	4
Q8N137	771	774	ELMI003930	DOC	DOC_PP4_FxxP_1	772	799	2
Q8N2W9	464	469	ELMI002788	LIG	LIG_SUMO_SIM_par_1	443	510	5
Q8N8Z6	621	625	ELMI003721	LIG	LIG_SH2_CRK	619	702	4
Q8N8Z6	652	656	ELMI003722	LIG	LIG_SH2_CRK	619	702	4
Q8N8Z6	665	669	ELMI003723	LIG	LIG_SH2_CRK	619	702	4
Q8N8Z6	696	700	ELMI003724	LIG	LIG_SH2_CRK	619	702	4
Q8ND23	971	988	ELMI004161	LIG	LIG_ActinCP_CPI_1	970	1003	17
Q8NDI1	267	271	ELMI001168	LIG	LIG_EH_1	264	318	4
Q8NDI1	278	282	ELMI001169	LIG	LIG_EH_1	264	318	4
Q8NDI1	308	312	ELMI001170	LIG	LIG_EH_1	264	318	4
Q8NDI1	369	373	ELMI001172	LIG	LIG_EH_1	358	440	4
Q8NDV7	1608	1621	ELMI002504	LIG	LIG_PAM2_2	1577	1635	13
Q8NG31	24	29	ELMI002635	DOC	DOC_PP1_SILK_1	1	56	5
Q8NHS3	9	14	ELMI004316	TRG	TRG_DiLeu_LyEn_5	1	20	5
Q8NHV4	393	399	ELMI003364	MOD	MOD_Plk_1	369	411	6
Q8NHY3	878	880	ELMI003544	LIG	LIG_PDZ_Wminus1_1	676	880	2
Q8TB24	383	388	ELMI004424	LIG	LIG_SH3_CIN85_PxpxPR_1	315	531	5
Q8TB24	457	462	ELMI004425	LIG	LIG_SH3_CIN85_PxpxPR_1	315	531	5
Q8TBB1	178	185	ELMI001565	LIG	LIG_PTB_Apo_2	178	214	7
Q8TDW7	4339	4344	ELMI004116	LIG	LIG_WRC_WIRS_1	4309	4355	5
Q8TEU7	1596	1601	ELMI001588	LIG	LIG_PDZ_Class_1	1571	1601	5
Q8WUM4	716	721	ELMI001344	LIG	LIG_PTAP_UEV_1	713	809	5
Q8WUM4	740	745	ELMI004407	LIG	LIG_SH3_CIN85_PxpxPR_1	713	809	5
Q8WUM4	797	807	ELMI002467	LIG	LIG_EABR_CEP55_1	713	809	10
Q8WUM4	802	810	ELMI002651	LIG	LIG_EF_ALG2_ABM_1	713	809	7
Q8WV28	242	247	ELMI004408	LIG	LIG_SH3_CIN85_PxpxPR_1	36	301	5
Q8WWN8	94	99	ELMI004410	LIG	LIG_SH3_CIN85_PxpxPR_1	64	147	5
Q8WXG6	810	816	ELMI003071	DOC	DOC_MAPK_JIP1_4	678	842	6
Q8WXH0	6417	6425	ELMI002933	LIG	LIG_KLC1_WD_1	6354	6508	8
Q8WY41	40	49	ELMI002755	LIG	LIG_CNOT1_NIM_1	1	41	1
Q8WYN3	51	56	ELMI002634	DOC	DOC_PP1_SILK_1	1	52	1
Q92558	326	332	ELMI003408	LIG	LIG_PROFILIN_1	304	400	6
Q92609	785	795	ELMI004492	LIG	LIG_LIR_Gen_1	674	795	10
Q92769	412	429	ELMI003142	LIG	LIG_Rb_LxCxE_1	389	488	17
Q92793	69	75	ELMI000789	LIG	LIG_NRBOX	74	179	1
Q92835	1016	1022	ELMI001624	LIG	LIG_PTB_Phospho_1	922	1189	6
Q92835	1029	1034	ELMI004412	LIG	LIG_SH3_CIN85_PxpxPR_1	922	1189	5
Q92835	1135	1140	ELMI004413	LIG	LIG_SH3_CIN85_PxpxPR_1	922	1189	5
Q92858	334	340	ELMI003826	MOD	MOD_CK1_1	312	354	6
Q92859	1359	1364	ELMI004119	LIG	LIG_WRC_WIRS_1	1289	1381	5
Q92945	74	84	ELMI002513	LIG	LIG_NBox_RRM_1	1	147	10
Q92974	967	972	ELMI003167	DOC	DOC_PP2A_B56_1	862	986	5
Q969H0	10	15	ELMI002452	TRG	TRG_NLS_MonoCore_2	1	151	5
Q969R2	447	458	ELMI003563	TRG	TRG_ER_FFAT_1	417	448	1
Q96B97	476	494	ELMI004159	LIG	LIG_ActinCP_CPI_1	467	610	18
Q96BK5	289	293	ELMI001228	LIG	LIG_TRFH_1	189	307	4
Q96CG3	174	182	ELMI004501	LIG	LIG_TRAF6_MATH_1	165	184	8
Q96EQ8	1	7	ELMI002331	MOD	MOD_NMyristoyl	1	23	6
Q96FF9	87	91	ELMI001015	DEG	DEG_APCC_KENBOX_2	72	142	4
Q96GD4	3	7	ELMI001016	DEG	DEG_APCC_KENBOX_2	1	22	4
Q96I34	30	37	ELMI002743	DOC	DOC_PP1_MyPhoNE_1	19	59	7
Q96IZ0	68	73	ELMI002205	LIG	LIG_SPRY_1	1	253	5
Q96IZ0	228	234	ELMI003854	MOD	MOD_CK2_1	1	253	6
Q96J02	260	265	ELMI004415	LIG	LIG_SH3_CIN85_PxpxPR_1	197	301	5
Q96J92	557	566	ELMI002837	DEG	DEG_Kelch_KLHL3_1	526	564	7
Q96J92	1016	1020	ELMI001491	DOC	DOC_SPAK_OSR1_1	943	1110	4
Q96JN0	64	68	ELMI000219	LIG	LIG_CtBP_PxDLS_1	64	147	4
Q96KN9	368	370	ELMI003545	LIG	LIG_PDZ_Wminus1_1	224	370	2
Q96KQ4	378	384	ELMI002412	MOD	MOD_LATS_1	376	723	6
Q96L42	706	711	ELMI003176	DOC	DOC_PP2A_B56_1	686	742	5
Q96N67	885	891	ELMI003072	DOC	DOC_MAPK_JIP1_4	888	971	3
Q96PN7	655	663	ELMI003308	DOC	DOC_MAPK_DCC_7	650	670	8
Q96PU5	443	448	ELMI003012	LIG	LIG_14-3-3_CanoR_1	424	496	5
Q96QC0	395	402	ELMI001076	DOC	DOC_PP1_RVXF_1	304	400	5
Q96RU3	514	521	ELMI002056	DOC	DOC_ANK_TNKS_1	486	531	7
Q96SU4	293	300	ELMI003566	TRG	TRG_ER_FFAT_1	231	367	7
Q96T88	646	650	ELMI003684	DOC	DOC_USP7_UBL2_3	618	673	4
Q99442	362	371	ELMI004469	LIG	LIG_LIR_Gen_1	289	399	9
Q99661	93	104	ELMI001290	LIG	LIG_SxIP_EBH_1	89	116	11
Q99700	912	924	ELMI001607	LIG	LIG_PAM2_1	459	954	12
Q99741	71	77	ELMI003262	MOD	MOD_CDK_SPxK_1	1	92	6
Q99741	80	84	ELMI001009	DEG	DEG_APCC_KENBOX_2	1	92	4
Q99741	91	99	ELMI000064	DOC	DOC_CYCLIN_RxL_1	1	92	1
Q99767	280	286	ELMI003073	DOC	DOC_MAPK_JIP1_4	238	344	6
Q99801	86	92	ELMI003849	MOD	MOD_CK2_1	1	131	6
Q9BTU6	57	62	ELMI004315	TRG	TRG_DiLeu_LyEn_5	1	74	5
Q9BUB5	434	448	ELMI002943	DOC	DOC_MAPK_RevD_3	446	465	2
Q9BWU0	74	77	ELMI003936	DOC	DOC_PP4_FxxP_1	66	166	3
Q9BY44	446	452	ELMI002283	LIG	LIG_eIF4E_2	434	534	6
Q9BYE0	221	225	ELMI000707	LIG	LIG_WRPW_1	125	225	4
Q9BYG3	227	234	ELMI002177	MOD	MOD_GSK3_1	197	239	7
Q9BYG3	231	238	ELMI002178	MOD	MOD_GSK3_1	197	239	7
Q9BZ72	343	351	ELMI003558	TRG	TRG_ER_FFAT_1	262	344	1
Q9BZL4	22	29	ELMI002748	DOC	DOC_PP1_MyPhoNE_1	1	43	7
Q9BZL6	244	250	ELMI003823	MOD	MOD_CK1_1	224	247	3
Q9BZW8	338	345	ELMI000245	LIG	LIG_TYR_ITSM	324	370	7
Q9C0C2	1507	1514	ELMI002060	DOC	DOC_ANK_TNKS_1	1362	1561	7
Q9GZV5	61	67	ELMI002408	MOD	MOD_LATS_1	52	117	6
Q9GZV5	84	90	ELMI002409	MOD	MOD_LATS_1	52	117	6
Q9GZV5	86	91	ELMI002991	LIG	LIG_14-3-3_CanoR_1	52	117	5
Q9GZV5	112	118	ELMI002410	MOD	MOD_LATS_1	52	117	5
Q9H0B6	579	584	ELMI003037	LIG	LIG_14-3-3_CanoR_1	563	622	5
Q9H1K0	625	629	ELMI001173	LIG	LIG_EH_1	574	732	4
Q9H1K0	661	665	ELMI001174	LIG	LIG_EH_1	574	732	4
Q9H1K0	676	680	ELMI001175	LIG	LIG_EH_1	574	732	4
Q9H1K0	687	691	ELMI001176	LIG	LIG_EH_1	574	732	4
Q9H1K0	708	712	ELMI001177	LIG	LIG_EH_1	574	732	4
Q9H1K0	717	721	ELMI001178	LIG	LIG_EH_1	574	732	4
Q9H1P3	5	12	ELMI003561	TRG	TRG_ER_FFAT_1	1	60	7
Q9H211	4	15	ELMI001942	DEG	DEG_CRL4_CDT2_1	1	118	11
Q9H2S9	425	429	ELMI000256	LIG	LIG_CtBP_PxDLS_1	410	489	4
Q9H2X6	884	889	ELMI002804	LIG	LIG_SUMO_SIM_anti_2	864	885	1
Q9H4A3	628	637	ELMI002834	DEG	DEG_Kelch_KLHL3_1	573	779	9
Q9H4A3	1945	1949	ELMI001488	DOC	DOC_SPAK_OSR1_1	1866	1948	3
Q9H4L7	73	79	ELMI002884	MOD	MOD_SUMO_rev_2	1	82	6
Q9H6Q3	1	7	ELMI002337	MOD	MOD_NMyristoyl	1	31	6
Q9H9H4	184	189	ELMI001329	LIG	LIG_PTAP_UEV_1	175	201	5
Q9HAW4	22	26	ELMI001934	CLV	CLV_C14_Caspase3-7	1	96	4
Q9HAW4	29	34	ELMI001308	DEG	DEG_SCF_TRCP1_1	1	96	5
Q9HCH5	270	275	ELMI002636	DOC	DOC_PP1_SILK_1	69	300	5
Q9HCK8	608	616	ELMI001249	LIG	LIG_KEPE_2	596	615	7
Q9HCL0	983	988	ELMI004112	LIG	LIG_WRC_WIRS_1	942	1003	5
Q9HCN6	297	301	ELMI004517	LIG	LIG_TRAF4_MATH_1	299	339	2
Q9HCU9	27	33	ELMI003856	MOD	MOD_CK2_1	1	57	6
Q9HD42	185	195	ELMI004432	DOC	DOC_MIT_MIM_1	173	196	10
Q9NP31	280	284	ELMI003881	LIG	LIG_SH2_NCK_1	190	295	4
Q9NQR1	220	231	ELMI001945	DEG	DEG_CRL4_CDT2_1	135	241	11
Q9NRA2	18	23	ELMI004297	TRG	TRG_DiLeu_BaLyEn_6	1	24	5
Q9NRF8	571	577	ELMI003819	MOD	MOD_CK1_1	563	586	6
Q9NRI5	222	229	ELMI002045	DOC	DOC_ANK_TNKS_1	221	257	7
Q9NRY6	17	25	ELMI002653	LIG	LIG_EF_ALG2_ABM_1	1	40	8
Q9NS56	716	722	ELMI003375	MOD	MOD_Plk_1	713	936	6
Q9NWV8	27	34	ELMI002051	DOC	DOC_ANK_TNKS_1	1	84	7
Q9NWV8	47	54	ELMI002052	DOC	DOC_ANK_TNKS_1	1	84	7
Q9NY61	143	148	ELMI001989	DOC	DOC_WW_Pin1_4	76	208	5
Q9NZC9	12	27	ELMI002844	LIG	LIG_RPA_C_Vert	1	20	8
Q9P0K1	831	836	ELMI003017	LIG	LIG_14-3-3_CanoR_1	785	906	5
Q9P0K1	851	854	ELMI002070	TRG	TRG_ER_diArg_1	785	906	3
Q9P0K1	854	863	ELMI003016	LIG	LIG_14-3-3_CanoR_1	785	906	9
Q9P0K1	901	906	ELMI002436	LIG	LIG_PDZ_Class_1	785	906	5
Q9P203	1	7	ELMI002340	MOD	MOD_NMyristoyl	1	23	6
Q9P270	575	581	ELMI001947	LIG	LIG_CAP-Gly_2	338	581	6
Q9UBC2	618	620	ELMI000888	LIG	LIG_AP2alpha_2	614	864	2
Q9UBC2	624	626	ELMI000889	LIG	LIG_AP2alpha_2	614	864	2
Q9UBC2	629	631	ELMI000890	LIG	LIG_AP2alpha_2	614	864	2
Q9UBC2	640	642	ELMI000891	LIG	LIG_AP2alpha_2	614	864	2
Q9UBC2	645	647	ELMI000892	LIG	LIG_AP2alpha_2	614	864	2
Q9UBC2	656	658	ELMI000893	LIG	LIG_AP2alpha_2	614	864	2
Q9UBC2	661	663	ELMI000894	LIG	LIG_AP2alpha_2	614	864	2
Q9UBC2	667	669	ELMI000895	LIG	LIG_AP2alpha_2	614	864	2
Q9UBC2	685	687	ELMI000896	LIG	LIG_AP2alpha_2	614	864	2
Q9UBC2	690	692	ELMI000897	LIG	LIG_AP2alpha_2	614	864	2
Q9UBC2	703	705	ELMI000898	LIG	LIG_AP2alpha_2	614	864	2
Q9UBC2	709	711	ELMI000899	LIG	LIG_AP2alpha_2	614	864	2
Q9UBC2	722	724	ELMI000900	LIG	LIG_AP2alpha_2	614	864	2
Q9UBC2	728	730	ELMI000901	LIG	LIG_AP2alpha_2	614	864	2
Q9UBC2	768	770	ELMI000902	LIG	LIG_AP2alpha_2	614	864	2
Q9UBC2	812	814	ELMI000903	LIG	LIG_AP2alpha_2	614	864	2
Q9UBC2	823	825	ELMI000904	LIG	LIG_AP2alpha_2	614	864	2
Q9UBC2	833	835	ELMI000905	LIG	LIG_AP2alpha_2	614	864	2
Q9UBC2	839	841	ELMI000906	LIG	LIG_AP2alpha_2	614	864	2
Q9UBK2	254	260	ELMI003075	DOC	DOC_MAPK_JIP1_4	213	277	6
Q9UBP0	7	13	ELMI001349	TRG	TRG_NLS_MonoExtN_4	1	43	6
Q9UBP5	327	337	ELMI000733	LIG	LIG_WRPW_1	307	337	10
Q9UBS0	5	10	ELMI001215	DOC	DOC_WD40_RPTOR_TOS_1	1	26	5
Q9UBS5	923	926	ELMI002074	TRG	TRG_ER_diArg_1	909	961	3
Q9UBT2	586	596	ELMI002806	LIG	LIG_SUMO_SIM_anti_2	551	640	10
Q9UBT2	586	598	ELMI002793	LIG	LIG_SUMO_SIM_par_1	551	640	12
Q9UBZ4	390	399	ELMI003914	LIG	LIG_PCNA_PIPBox_1	355	407	9
Q9UD71	5	12	ELMI001078	DOC	DOC_PP1_RVXF_1	1	204	7
Q9UER7	175	180	ELMI002008	DOC	DOC_WW_Pin1_4	147	185	5
Q9UER7	608	612	ELMI002874	DEG	DEG_SPOP_SBC_1	384	724	4
Q9UER7	680	684	ELMI002875	DEG	DEG_SPOP_SBC_1	384	724	4
Q9UGJ0	30	37	ELMI003297	DOC	DOC_MAPK_MEF2A_6	1	222	7
Q9UHB6	374	377	ELMI004346	MOD	MOD_CDC14_SPxK_1	323	381	3
Q9UHB7	252	260	ELMI001103	DEG	DEG_SIAH_1	76	312	8
Q9UHD8	143	148	ELMI004421	LIG	LIG_SH3_CIN85_PxpxPR_1	134	268	5
Q9UIG0	155	161	ELMI001455	MOD	MOD_ProDKin_1	144	212	6
Q9UJY5	355	362	ELMI000503	TRG	TRG_LysEnd_GGAAcLL_2	320	421	7
Q9UKG1	403	415	ELMI002063	LIG	LIG_OCRL_FandH_1	397	434	12
Q9ULE6	1	7	ELMI002342	MOD	MOD_NMyristoyl	1	29	6
Q9ULH1	1055	1060	ELMI004422	LIG	LIG_SH3_CIN85_PxpxPR_1	776	1062	5
Q9ULH4	694	699	ELMI004287	TRG	TRG_DiLeu_BaLyEn_6	668	702	5
Q9ULR5	108	120	ELMI001603	LIG	LIG_PAM2_1	91	123	12
Q9UN73	913	918	ELMI004114	LIG	LIG_WRC_WIRS_1	830	950	5
Q9UPT6	204	210	ELMI003076	DOC	DOC_MAPK_JIP1_4	182	211	6
Q9UQ80	353	359	ELMI000788	LIG	LIG_NRBOX	358	394	1
Q9UQC2	389	393	ELMI003015	LIG	LIG_14-3-3_CanoR_1	341	430	4
Q9UQF2	95	99	ELMI001935	CLV	CLV_C14_Caspase3-7	78	371	4
Q9UQF2	160	166	ELMI003088	DOC	DOC_MAPK_JIP1_4	78	371	6
Q9UQF2	334	342	ELMI004482	LIG	LIG_LIR_Gen_1	78	371	8
Q9UQL6	56	60	ELMI000212	LIG	LIG_CtBP_PxDLS_1	41	60	4
Q9UQL6	255	261	ELMI003002	LIG	LIG_14-3-3_CanoR_1	196	281	6
Q9Y253	701	710	ELMI003917	LIG	LIG_PCNA_PIPBox_1	677	705	4
Q9Y2H2	1010	1016	ELMI003077	DOC	DOC_MAPK_JIP1_4	974	1017	6
Q9Y2W1	447	453	ELMI002866	MOD	MOD_SUMO_rev_2	117	559	6
Q9Y2X9	790	797	ELMI002885	MOD	MOD_SUMO_rev_2	778	817	7
Q9Y3M2	16	22	ELMI003033	LIG	LIG_14-3-3_CanoR_1	1	26	6
Q9Y3S1	588	597	ELMI002835	DEG	DEG_Kelch_KLHL3_1	579	630	9
Q9Y458	9	17	ELMI000936	LIG	LIG_EH1_1	1	91	8
Q9Y4B4	1166	1170	ELMI003648	MOD	MOD_DYRK1A_RPxSP_1	1120	1171	4
Q9Y4C0	1638	1643	ELMI002288	LIG	LIG_PDZ_Class_2	1611	1643	5
Q9Y4E1	1003	1020	ELMI004164	LIG	LIG_ActinCP_CPI_1	967	1184	17
Q9Y4W2	228	236	ELMI002867	MOD	MOD_SUMO_rev_2	204	255	8
Q9Y543	170	173	ELMI000658	LIG	LIG_WRPW_1	128	173	3
Q9Y566	2016	2022	ELMI003087	DOC	DOC_MAPK_JIP1_4	1892	2023	6
Q9Y5K6	486	503	ELMI004171	LIG	LIG_ActinCP_CPI_1	493	516	10
Q9Y5Q3	31	40	ELMI001240	LIG	LIG_KEPE_3	34	78	6
Q9Y5U5	239	241	ELMI003546	LIG	LIG_PDZ_Wminus1_1	214	241	2
Q9Y5W3	121	129	ELMI001244	LIG	LIG_KEPE_2	120	209	8
Q9Y618	1441	1446	ELMI002002	DOC	DOC_WW_Pin1_4	1440	1482	5
Q9Y6I3	402	411	ELMI001209	TRG	TRG_AP2beta_CARGO_1	265	404	2
Q9Y6I3	501	505	ELMI001142	LIG	LIG_EH_1	448	576	4
Q9Y6I3	517	521	ELMI001143	LIG	LIG_EH_1	448	576	4
Q9Y6I3	571	575	ELMI001144	LIG	LIG_EH_1	448	576	4
Q9Y6I9	271	278	ELMI004478	LIG	LIG_LIR_Gen_1	214	313	7
Q9Y6N7	1186	1190	ELMI001699	LIG	LIG_EVH1_1	1124	1202	4
Q9Y6Q9	598	604	ELMI003827	MOD	MOD_CK1_1	537	674	6
Q9Y6R0	577	584	ELMI002842	DEG	DEG_MDM2_SWIB_1	537	609	7
Q9Y6R0	594	598	ELMI001135	LIG	LIG_EH_1	537	609	4
Q9Y6R1	1052	1058	ELMI004273	TRG	TRG_DiLeu_BaEn_2	1012	1079	6
